id,name,author_id,status_id,created_at,merged_at
samplepr-0001,Sample PR 0001 by sampleuser-001,sampleu001,1,2025-07-08T16:45:46+03:00,
samplepr-0002,Sample PR 0002 by sampleuser-001,sampleu001,2,2025-08-03T22:45:46+03:00,2025-08-30T05:45:46+03:00
samplepr-0003,Sample PR 0003 by sampleuser-001,sampleu001,2,2025-08-04T11:45:46+03:00,2025-08-16T12:45:46+03:00
samplepr-0004,Sample PR 0004 by sampleuser-002,sampleu002,1,2025-11-11T19:45:46+03:00,
samplepr-0005,Sample PR 0005 by sampleuser-002,sampleu002,1,2025-10-02T11:45:46+03:00,
samplepr-0006,Sample PR 0006 by sampleuser-002,sampleu002,2,2025-11-20T16:45:46+03:00,2025-11-22T05:45:46+03:00
samplepr-0007,Sample PR 0007 by sampleuser-002,sampleu002,2,2025-08-24T00:45:46+03:00,2025-08-24T08:45:46+03:00
samplepr-0008,Sample PR 0008 by sampleuser-003,sampleu003,2,2025-03-19T17:45:46+03:00,2025-04-14T10:45:46+03:00
samplepr-0009,Sample PR 0009 by sampleuser-003,sampleu003,1,2025-05-10T12:45:46+03:00,
samplepr-0010,Sample PR 0010 by sampleuser-003,sampleu003,2,2025-11-02T16:45:46+03:00,2025-11-12T17:45:46+03:00
samplepr-0011,Sample PR 0011 by sampleuser-004,sampleu004,2,2025-11-17T18:45:46+03:00,2025-12-07T14:45:46+03:00
samplepr-0012,Sample PR 0012 by sampleuser-004,sampleu004,1,2024-12-11T23:45:46+03:00,
samplepr-0013,Sample PR 0013 by sampleuser-004,sampleu004,2,2025-01-09T20:45:46+03:00,2025-01-24T10:45:46+03:00
samplepr-0014,Sample PR 0014 by sampleuser-004,sampleu004,1,2025-01-11T11:45:46+03:00,
samplepr-0015,Sample PR 0015 by sampleuser-004,sampleu004,2,2025-01-07T06:45:46+03:00,2025-01-30T20:45:46+03:00
samplepr-0016,Sample PR 0016 by sampleuser-005,sampleu005,1,2025-04-05T23:45:46+03:00,
samplepr-0017,Sample PR 0017 by sampleuser-005,sampleu005,1,2025-07-25T17:45:46+03:00,
samplepr-0018,Sample PR 0018 by sampleuser-005,sampleu005,1,2025-04-07T14:45:46+03:00,
samplepr-0019,Sample PR 0019 by sampleuser-006,sampleu006,2,2025-06-25T10:45:46+03:00,2025-07-14T09:45:46+03:00
samplepr-0020,Sample PR 0020 by sampleuser-006,sampleu006,1,2025-05-13T03:45:46+03:00,
samplepr-0021,Sample PR 0021 by sampleuser-006,sampleu006,2,2025-03-06T14:45:46+03:00,2025-03-22T09:45:46+03:00
samplepr-0022,Sample PR 0022 by sampleuser-006,sampleu006,2,2025-08-18T00:45:46+03:00,2025-09-13T17:45:46+03:00
samplepr-0023,Sample PR 0023 by sampleuser-007,sampleu007,2,2025-04-18T22:45:46+03:00,2025-05-09T20:45:46+03:00
samplepr-0024,Sample PR 0024 by sampleuser-007,sampleu007,2,2025-11-01T23:45:46+03:00,2025-11-07T05:45:46+03:00
samplepr-0025,Sample PR 0025 by sampleuser-007,sampleu007,1,2024-12-30T11:45:46+03:00,
samplepr-0026,Sample PR 0026 by sampleuser-007,sampleu007,1,2025-02-24T03:45:46+03:00,
samplepr-0027,Sample PR 0027 by sampleuser-007,sampleu007,2,2025-07-01T19:45:46+03:00,2025-07-26T04:45:46+03:00
samplepr-0028,Sample PR 0028 by sampleuser-008,sampleu008,1,2025-09-29T19:45:46+03:00,
samplepr-0029,Sample PR 0029 by sampleuser-008,sampleu008,1,2024-12-02T10:45:46+03:00,
samplepr-0030,Sample PR 0030 by sampleuser-008,sampleu008,2,2025-11-16T15:45:46+03:00,2025-12-07T06:45:46+03:00
samplepr-0031,Sample PR 0031 by sampleuser-008,sampleu008,2,2024-12-17T11:45:46+03:00,2025-01-14T08:45:46+03:00
samplepr-0032,Sample PR 0032 by sampleuser-008,sampleu008,2,2025-05-11T23:45:46+03:00,2025-06-07T22:45:46+03:00
samplepr-0033,Sample PR 0033 by sampleuser-009,sampleu009,2,2025-05-14T06:45:46+03:00,2025-05-27T18:45:46+03:00
samplepr-0034,Sample PR 0034 by sampleuser-009,sampleu009,1,2025-08-13T04:45:46+03:00,
samplepr-0035,Sample PR 0035 by sampleuser-009,sampleu009,2,2025-04-27T03:45:46+03:00,2025-04-29T09:45:46+03:00
samplepr-0036,Sample PR 0036 by sampleuser-009,sampleu009,1,2025-03-05T01:45:46+03:00,
samplepr-0037,Sample PR 0037 by sampleuser-010,sampleu010,1,2025-01-21T19:45:46+03:00,
samplepr-0038,Sample PR 0038 by sampleuser-010,sampleu010,1,2025-10-08T14:45:46+03:00,
samplepr-0039,Sample PR 0039 by sampleuser-010,sampleu010,2,2025-02-10T06:45:46+03:00,2025-03-06T08:45:46+03:00
samplepr-0040,Sample PR 0040 by sampleuser-010,sampleu010,1,2025-02-17T19:45:46+03:00,
samplepr-0041,Sample PR 0041 by sampleuser-011,sampleu011,2,2025-06-01T16:45:46+03:00,2025-06-02T06:45:46+03:00
samplepr-0042,Sample PR 0042 by sampleuser-011,sampleu011,2,2024-12-05T02:45:46+03:00,2024-12-13T15:45:46+03:00
samplepr-0043,Sample PR 0043 by sampleuser-011,sampleu011,1,2025-04-20T23:45:46+03:00,
samplepr-0044,Sample PR 0044 by sampleuser-011,sampleu011,1,2024-11-30T12:45:46+03:00,
samplepr-0045,Sample PR 0045 by sampleuser-012,sampleu012,2,2025-11-03T20:45:46+03:00,2025-11-23T08:45:46+03:00
samplepr-0046,Sample PR 0046 by sampleuser-012,sampleu012,2,2025-07-13T17:45:46+03:00,2025-07-27T07:45:46+03:00
samplepr-0047,Sample PR 0047 by sampleuser-012,sampleu012,1,2025-09-30T07:45:46+03:00,
samplepr-0048,Sample PR 0048 by sampleuser-012,sampleu012,2,2025-03-30T04:45:46+03:00,2025-04-23T23:45:46+03:00
samplepr-0049,Sample PR 0049 by sampleuser-012,sampleu012,1,2025-05-29T09:45:46+03:00,
samplepr-0050,Sample PR 0050 by sampleuser-013,sampleu013,1,2025-07-30T21:45:46+03:00,
samplepr-0051,Sample PR 0051 by sampleuser-013,sampleu013,2,2024-12-05T10:45:46+03:00,2024-12-10T04:45:46+03:00
samplepr-0052,Sample PR 0052 by sampleuser-013,sampleu013,2,2025-09-15T13:45:46+03:00,2025-10-15T10:45:46+03:00
samplepr-0053,Sample PR 0053 by sampleuser-013,sampleu013,1,2025-02-10T18:45:46+03:00,
samplepr-0054,Sample PR 0054 by sampleuser-014,sampleu014,1,2024-12-17T11:45:46+03:00,
samplepr-0055,Sample PR 0055 by sampleuser-014,sampleu014,1,2025-09-09T12:45:46+03:00,
samplepr-0056,Sample PR 0056 by sampleuser-014,sampleu014,1,2025-01-16T20:45:46+03:00,
samplepr-0057,Sample PR 0057 by sampleuser-014,sampleu014,2,2025-03-09T08:45:46+03:00,2025-03-29T19:45:46+03:00
samplepr-0058,Sample PR 0058 by sampleuser-015,sampleu015,1,2025-02-04T20:45:46+03:00,
samplepr-0059,Sample PR 0059 by sampleuser-015,sampleu015,1,2025-07-25T20:45:46+03:00,
samplepr-0060,Sample PR 0060 by sampleuser-015,sampleu015,1,2025-04-23T13:45:46+03:00,
samplepr-0061,Sample PR 0061 by sampleuser-016,sampleu016,1,2025-06-04T07:45:46+03:00,
samplepr-0062,Sample PR 0062 by sampleuser-016,sampleu016,2,2025-07-29T09:45:46+03:00,2025-08-27T00:45:46+03:00
samplepr-0063,Sample PR 0063 by sampleuser-016,sampleu016,1,2025-08-18T14:45:46+03:00,
samplepr-0064,Sample PR 0064 by sampleuser-016,sampleu016,2,2025-05-20T01:45:46+03:00,2025-05-23T16:45:46+03:00
samplepr-0065,Sample PR 0065 by sampleuser-017,sampleu017,2,2025-03-17T00:45:46+03:00,2025-04-01T02:45:46+03:00
samplepr-0066,Sample PR 0066 by sampleuser-017,sampleu017,1,2025-04-04T22:45:46+03:00,
samplepr-0067,Sample PR 0067 by sampleuser-017,sampleu017,1,2025-10-07T20:45:46+03:00,
samplepr-0068,Sample PR 0068 by sampleuser-018,sampleu018,2,2025-02-11T04:45:46+03:00,2025-02-22T17:45:46+03:00
samplepr-0069,Sample PR 0069 by sampleuser-018,sampleu018,2,2024-12-11T16:45:46+03:00,2024-12-12T19:45:46+03:00
samplepr-0070,Sample PR 0070 by sampleuser-018,sampleu018,1,2025-09-27T22:45:46+03:00,
samplepr-0071,Sample PR 0071 by sampleuser-019,sampleu019,1,2025-02-14T21:45:46+03:00,
samplepr-0072,Sample PR 0072 by sampleuser-019,sampleu019,2,2025-11-13T04:45:46+03:00,2025-11-24T22:45:46+03:00
samplepr-0073,Sample PR 0073 by sampleuser-019,sampleu019,2,2025-11-05T07:45:46+03:00,2025-11-08T22:45:46+03:00
samplepr-0074,Sample PR 0074 by sampleuser-019,sampleu019,2,2025-10-14T19:45:46+03:00,2025-11-08T07:45:46+03:00
samplepr-0075,Sample PR 0075 by sampleuser-019,sampleu019,1,2025-02-07T22:45:46+03:00,
samplepr-0076,Sample PR 0076 by sampleuser-020,sampleu020,2,2025-06-12T09:45:46+03:00,2025-07-08T16:45:46+03:00
samplepr-0077,Sample PR 0077 by sampleuser-020,sampleu020,1,2025-10-20T18:45:46+03:00,
samplepr-0078,Sample PR 0078 by sampleuser-020,sampleu020,2,2025-01-03T02:45:46+03:00,2025-01-18T03:45:46+03:00
samplepr-0079,Sample PR 0079 by sampleuser-020,sampleu020,1,2025-11-18T00:45:46+03:00,
samplepr-0080,Sample PR 0080 by sampleuser-020,sampleu020,2,2025-05-01T19:45:46+03:00,2025-05-23T15:45:46+03:00
samplepr-0081,Sample PR 0081 by sampleuser-021,sampleu021,1,2025-09-22T10:45:46+03:00,
samplepr-0082,Sample PR 0082 by sampleuser-021,sampleu021,1,2025-01-10T22:45:46+03:00,
samplepr-0083,Sample PR 0083 by sampleuser-021,sampleu021,2,2024-12-12T00:45:46+03:00,2025-01-06T01:45:46+03:00
samplepr-0084,Sample PR 0084 by sampleuser-022,sampleu022,1,2025-07-04T20:45:46+03:00,
samplepr-0085,Sample PR 0085 by sampleuser-022,sampleu022,1,2025-04-30T09:45:46+03:00,
samplepr-0086,Sample PR 0086 by sampleuser-022,sampleu022,2,2025-10-11T19:45:46+03:00,2025-10-28T09:45:46+03:00
samplepr-0087,Sample PR 0087 by sampleuser-022,sampleu022,2,2025-05-18T19:45:46+03:00,2025-05-23T08:45:46+03:00
samplepr-0088,Sample PR 0088 by sampleuser-022,sampleu022,2,2025-05-24T13:45:46+03:00,2025-06-09T13:45:46+03:00
samplepr-0089,Sample PR 0089 by sampleuser-023,sampleu023,2,2025-07-21T06:45:46+03:00,2025-07-29T23:45:46+03:00
samplepr-0090,Sample PR 0090 by sampleuser-023,sampleu023,1,2025-08-08T00:45:46+03:00,
samplepr-0091,Sample PR 0091 by sampleuser-023,sampleu023,2,2025-10-14T07:45:46+03:00,2025-10-27T01:45:46+03:00
samplepr-0092,Sample PR 0092 by sampleuser-023,sampleu023,1,2025-02-21T03:45:46+03:00,
samplepr-0093,Sample PR 0093 by sampleuser-023,sampleu023,2,2025-01-19T18:45:46+03:00,2025-01-29T20:45:46+03:00
samplepr-0094,Sample PR 0094 by sampleuser-024,sampleu024,1,2025-02-15T22:45:46+03:00,
samplepr-0095,Sample PR 0095 by sampleuser-024,sampleu024,1,2025-01-03T10:45:46+03:00,
samplepr-0096,Sample PR 0096 by sampleuser-024,sampleu024,1,2025-03-28T09:45:46+03:00,
samplepr-0097,Sample PR 0097 by sampleuser-025,sampleu025,1,2025-07-20T13:45:46+03:00,
samplepr-0098,Sample PR 0098 by sampleuser-025,sampleu025,1,2025-01-23T07:45:46+03:00,
samplepr-0099,Sample PR 0099 by sampleuser-025,sampleu025,2,2025-08-23T17:45:46+03:00,2025-08-28T22:45:46+03:00
samplepr-0100,Sample PR 0100 by sampleuser-026,sampleu026,2,2025-04-12T06:45:46+03:00,2025-05-05T00:45:46+03:00
samplepr-0101,Sample PR 0101 by sampleuser-026,sampleu026,2,2025-10-09T03:45:46+03:00,2025-10-17T05:45:46+03:00
samplepr-0102,Sample PR 0102 by sampleuser-026,sampleu026,2,2024-12-06T12:45:46+03:00,2024-12-15T07:45:46+03:00
samplepr-0103,Sample PR 0103 by sampleuser-027,sampleu027,1,2024-12-30T13:45:46+03:00,
samplepr-0104,Sample PR 0104 by sampleuser-027,sampleu027,1,2025-10-23T04:45:46+03:00,
samplepr-0105,Sample PR 0105 by sampleuser-027,sampleu027,2,2025-03-27T02:45:46+03:00,2025-04-13T10:45:46+03:00
samplepr-0106,Sample PR 0106 by sampleuser-027,sampleu027,1,2025-01-21T05:45:46+03:00,
samplepr-0107,Sample PR 0107 by sampleuser-028,sampleu028,2,2025-04-25T13:45:46+03:00,2025-05-06T00:45:46+03:00
samplepr-0108,Sample PR 0108 by sampleuser-028,sampleu028,1,2025-01-10T04:45:46+03:00,
samplepr-0109,Sample PR 0109 by sampleuser-028,sampleu028,2,2024-12-16T10:45:46+03:00,2025-01-13T14:45:46+03:00
samplepr-0110,Sample PR 0110 by sampleuser-028,sampleu028,2,2025-06-14T22:45:46+03:00,2025-06-28T03:45:46+03:00
samplepr-0111,Sample PR 0111 by sampleuser-029,sampleu029,1,2024-12-02T23:45:46+03:00,
samplepr-0112,Sample PR 0112 by sampleuser-029,sampleu029,2,2025-11-10T03:45:46+03:00,2025-11-15T15:45:46+03:00
samplepr-0113,Sample PR 0113 by sampleuser-029,sampleu029,2,2025-06-03T21:45:46+03:00,2025-06-18T02:45:46+03:00
samplepr-0114,Sample PR 0114 by sampleuser-029,sampleu029,1,2025-07-06T12:45:46+03:00,
samplepr-0115,Sample PR 0115 by sampleuser-029,sampleu029,1,2025-10-27T04:45:46+03:00,
samplepr-0116,Sample PR 0116 by sampleuser-030,sampleu030,2,2025-05-31T04:45:46+03:00,2025-06-04T22:45:46+03:00
samplepr-0117,Sample PR 0117 by sampleuser-030,sampleu030,1,2025-01-16T08:45:46+03:00,
samplepr-0118,Sample PR 0118 by sampleuser-030,sampleu030,2,2025-09-17T20:45:46+03:00,2025-10-11T18:45:46+03:00
samplepr-0119,Sample PR 0119 by sampleuser-030,sampleu030,2,2025-04-15T15:45:46+03:00,2025-04-22T13:45:46+03:00
samplepr-0120,Sample PR 0120 by sampleuser-030,sampleu030,1,2024-11-29T07:45:46+03:00,
samplepr-0121,Sample PR 0121 by sampleuser-031,sampleu031,2,2024-11-23T16:45:46+03:00,2024-11-26T21:45:46+03:00
samplepr-0122,Sample PR 0122 by sampleuser-031,sampleu031,2,2025-06-05T15:45:46+03:00,2025-07-02T15:45:46+03:00
samplepr-0123,Sample PR 0123 by sampleuser-031,sampleu031,1,2024-12-13T01:45:46+03:00,
samplepr-0124,Sample PR 0124 by sampleuser-031,sampleu031,1,2025-02-21T16:45:46+03:00,
samplepr-0125,Sample PR 0125 by sampleuser-031,sampleu031,2,2025-05-03T22:45:46+03:00,2025-05-21T04:45:46+03:00
samplepr-0126,Sample PR 0126 by sampleuser-032,sampleu032,1,2025-06-25T03:45:46+03:00,
samplepr-0127,Sample PR 0127 by sampleuser-032,sampleu032,2,2025-06-10T01:45:46+03:00,2025-06-12T16:45:46+03:00
samplepr-0128,Sample PR 0128 by sampleuser-032,sampleu032,2,2025-01-05T16:45:46+03:00,2025-01-25T03:45:46+03:00
samplepr-0129,Sample PR 0129 by sampleuser-032,sampleu032,1,2025-06-15T23:45:46+03:00,
samplepr-0130,Sample PR 0130 by sampleuser-032,sampleu032,1,2025-08-16T12:45:46+03:00,
samplepr-0131,Sample PR 0131 by sampleuser-033,sampleu033,1,2024-12-17T05:45:46+03:00,
samplepr-0132,Sample PR 0132 by sampleuser-033,sampleu033,1,2025-07-05T13:45:46+03:00,
samplepr-0133,Sample PR 0133 by sampleuser-033,sampleu033,2,2025-08-17T12:45:46+03:00,2025-09-09T00:45:46+03:00
samplepr-0134,Sample PR 0134 by sampleuser-033,sampleu033,2,2025-06-11T05:45:46+03:00,2025-06-27T17:45:46+03:00
samplepr-0135,Sample PR 0135 by sampleuser-033,sampleu033,1,2025-06-27T19:45:46+03:00,
samplepr-0136,Sample PR 0136 by sampleuser-034,sampleu034,1,2025-10-11T23:45:46+03:00,
samplepr-0137,Sample PR 0137 by sampleuser-034,sampleu034,1,2025-06-21T22:45:46+03:00,
samplepr-0138,Sample PR 0138 by sampleuser-034,sampleu034,1,2025-08-22T17:45:46+03:00,
samplepr-0139,Sample PR 0139 by sampleuser-034,sampleu034,2,2025-03-06T05:45:46+03:00,2025-04-03T10:45:46+03:00
samplepr-0140,Sample PR 0140 by sampleuser-034,sampleu034,2,2025-09-23T15:45:46+03:00,2025-10-21T23:45:46+03:00
samplepr-0141,Sample PR 0141 by sampleuser-035,sampleu035,2,2025-09-28T02:45:46+03:00,2025-10-14T02:45:46+03:00
samplepr-0142,Sample PR 0142 by sampleuser-035,sampleu035,1,2025-05-12T14:45:46+03:00,
samplepr-0143,Sample PR 0143 by sampleuser-035,sampleu035,1,2025-01-31T11:45:46+03:00,
samplepr-0144,Sample PR 0144 by sampleuser-035,sampleu035,2,2025-08-30T08:45:46+03:00,2025-09-03T06:45:46+03:00
samplepr-0145,Sample PR 0145 by sampleuser-035,sampleu035,1,2025-11-06T22:45:46+03:00,
samplepr-0146,Sample PR 0146 by sampleuser-036,sampleu036,2,2025-03-26T10:45:46+03:00,2025-03-29T07:45:46+03:00
samplepr-0147,Sample PR 0147 by sampleuser-036,sampleu036,1,2025-01-17T01:45:46+03:00,
samplepr-0148,Sample PR 0148 by sampleuser-036,sampleu036,1,2025-07-24T13:45:46+03:00,
samplepr-0149,Sample PR 0149 by sampleuser-037,sampleu037,1,2025-03-21T23:45:46+03:00,
samplepr-0150,Sample PR 0150 by sampleuser-037,sampleu037,1,2025-09-23T01:45:46+03:00,
samplepr-0151,Sample PR 0151 by sampleuser-037,sampleu037,2,2025-02-26T11:45:46+03:00,2025-03-21T02:45:46+03:00
samplepr-0152,Sample PR 0152 by sampleuser-037,sampleu037,2,2025-05-22T00:45:46+03:00,2025-06-19T19:45:46+03:00
samplepr-0153,Sample PR 0153 by sampleuser-038,sampleu038,2,2025-08-02T05:45:46+03:00,2025-08-30T02:45:46+03:00
samplepr-0154,Sample PR 0154 by sampleuser-038,sampleu038,1,2025-04-17T11:45:46+03:00,
samplepr-0155,Sample PR 0155 by sampleuser-038,sampleu038,2,2025-05-30T04:45:46+03:00,2025-06-25T18:45:46+03:00
samplepr-0156,Sample PR 0156 by sampleuser-039,sampleu039,2,2025-08-05T16:45:46+03:00,2025-08-24T11:45:46+03:00
samplepr-0157,Sample PR 0157 by sampleuser-039,sampleu039,2,2025-11-14T07:45:46+03:00,2025-12-13T20:45:46+03:00
samplepr-0158,Sample PR 0158 by sampleuser-039,sampleu039,1,2025-08-07T10:45:46+03:00,
samplepr-0159,Sample PR 0159 by sampleuser-039,sampleu039,2,2025-06-29T16:45:46+03:00,2025-07-28T21:45:46+03:00
samplepr-0160,Sample PR 0160 by sampleuser-040,sampleu040,2,2025-02-22T07:45:46+03:00,2025-03-01T14:45:46+03:00
samplepr-0161,Sample PR 0161 by sampleuser-040,sampleu040,2,2025-04-02T21:45:46+03:00,2025-04-13T15:45:46+03:00
samplepr-0162,Sample PR 0162 by sampleuser-040,sampleu040,1,2025-04-19T22:45:46+03:00,
samplepr-0163,Sample PR 0163 by sampleuser-040,sampleu040,1,2025-09-16T16:45:46+03:00,
samplepr-0164,Sample PR 0164 by sampleuser-040,sampleu040,1,2025-07-05T14:45:46+03:00,
samplepr-0165,Sample PR 0165 by sampleuser-041,sampleu041,2,2025-10-30T20:45:46+03:00,2025-11-19T01:45:46+03:00
samplepr-0166,Sample PR 0166 by sampleuser-041,sampleu041,1,2025-03-07T14:45:46+03:00,
samplepr-0167,Sample PR 0167 by sampleuser-041,sampleu041,1,2025-06-17T07:45:46+03:00,
samplepr-0168,Sample PR 0168 by sampleuser-042,sampleu042,2,2025-04-02T08:45:46+03:00,2025-04-06T16:45:46+03:00
samplepr-0169,Sample PR 0169 by sampleuser-042,sampleu042,2,2024-12-19T18:45:46+03:00,2025-01-07T09:45:46+03:00
samplepr-0170,Sample PR 0170 by sampleuser-042,sampleu042,1,2025-04-06T15:45:46+03:00,
samplepr-0171,Sample PR 0171 by sampleuser-042,sampleu042,2,2025-11-20T00:45:46+03:00,2025-12-14T11:45:46+03:00
samplepr-0172,Sample PR 0172 by sampleuser-043,sampleu043,1,2025-03-02T21:45:46+03:00,
samplepr-0173,Sample PR 0173 by sampleuser-043,sampleu043,2,2025-02-09T11:45:46+03:00,2025-02-10T10:45:46+03:00
samplepr-0174,Sample PR 0174 by sampleuser-043,sampleu043,2,2025-01-23T15:45:46+03:00,2025-01-25T19:45:46+03:00
samplepr-0175,Sample PR 0175 by sampleuser-043,sampleu043,1,2025-05-26T18:45:46+03:00,
samplepr-0176,Sample PR 0176 by sampleuser-043,sampleu043,1,2025-03-25T12:45:46+03:00,
samplepr-0177,Sample PR 0177 by sampleuser-044,sampleu044,1,2025-10-16T16:45:46+03:00,
samplepr-0178,Sample PR 0178 by sampleuser-044,sampleu044,2,2025-10-04T21:45:46+03:00,2025-10-12T11:45:46+03:00
samplepr-0179,Sample PR 0179 by sampleuser-044,sampleu044,2,2025-05-20T02:45:46+03:00,2025-05-29T06:45:46+03:00
samplepr-0180,Sample PR 0180 by sampleuser-044,sampleu044,2,2025-06-10T07:45:46+03:00,2025-06-14T20:45:46+03:00
samplepr-0181,Sample PR 0181 by sampleuser-044,sampleu044,1,2025-01-02T10:45:46+03:00,
samplepr-0182,Sample PR 0182 by sampleuser-045,sampleu045,2,2025-10-16T05:45:46+03:00,2025-11-11T22:45:46+03:00
samplepr-0183,Sample PR 0183 by sampleuser-045,sampleu045,1,2025-07-23T02:45:46+03:00,
samplepr-0184,Sample PR 0184 by sampleuser-045,sampleu045,2,2025-02-06T21:45:46+03:00,2025-02-07T23:45:46+03:00
samplepr-0185,Sample PR 0185 by sampleuser-046,sampleu046,1,2025-07-21T10:45:46+03:00,
samplepr-0186,Sample PR 0186 by sampleuser-046,sampleu046,1,2024-12-18T23:45:46+03:00,
samplepr-0187,Sample PR 0187 by sampleuser-046,sampleu046,1,2025-11-09T01:45:46+03:00,
samplepr-0188,Sample PR 0188 by sampleuser-046,sampleu046,1,2025-08-26T22:45:46+03:00,
samplepr-0189,Sample PR 0189 by sampleuser-046,sampleu046,1,2025-10-12T16:45:46+03:00,
samplepr-0190,Sample PR 0190 by sampleuser-047,sampleu047,1,2025-02-04T23:45:46+03:00,
samplepr-0191,Sample PR 0191 by sampleuser-047,sampleu047,1,2025-02-03T14:45:46+03:00,
samplepr-0192,Sample PR 0192 by sampleuser-047,sampleu047,1,2025-04-13T11:45:46+03:00,
samplepr-0193,Sample PR 0193 by sampleuser-047,sampleu047,2,2025-10-13T18:45:46+03:00,2025-11-10T00:45:46+03:00
samplepr-0194,Sample PR 0194 by sampleuser-048,sampleu048,1,2025-06-08T18:45:46+03:00,
samplepr-0195,Sample PR 0195 by sampleuser-048,sampleu048,1,2024-12-08T07:45:46+03:00,
samplepr-0196,Sample PR 0196 by sampleuser-048,sampleu048,1,2025-10-25T05:45:46+03:00,
samplepr-0197,Sample PR 0197 by sampleuser-048,sampleu048,2,2025-08-28T13:45:46+03:00,2025-09-07T15:45:46+03:00
samplepr-0198,Sample PR 0198 by sampleuser-048,sampleu048,1,2025-02-22T03:45:46+03:00,
samplepr-0199,Sample PR 0199 by sampleuser-049,sampleu049,2,2025-01-04T16:45:46+03:00,2025-01-27T02:45:46+03:00
samplepr-0200,Sample PR 0200 by sampleuser-049,sampleu049,2,2025-07-11T16:45:46+03:00,2025-07-27T02:45:46+03:00
samplepr-0201,Sample PR 0201 by sampleuser-049,sampleu049,1,2025-11-05T02:45:46+03:00,
samplepr-0202,Sample PR 0202 by sampleuser-049,sampleu049,1,2025-06-12T16:45:46+03:00,
samplepr-0203,Sample PR 0203 by sampleuser-049,sampleu049,1,2025-05-20T14:45:46+03:00,
samplepr-0204,Sample PR 0204 by sampleuser-050,sampleu050,2,2025-06-26T15:45:46+03:00,2025-07-01T11:45:46+03:00
samplepr-0205,Sample PR 0205 by sampleuser-050,sampleu050,2,2025-02-04T20:45:46+03:00,2025-02-23T19:45:46+03:00
samplepr-0206,Sample PR 0206 by sampleuser-050,sampleu050,1,2025-02-06T02:45:46+03:00,
samplepr-0207,Sample PR 0207 by sampleuser-050,sampleu050,1,2025-07-07T17:45:46+03:00,
samplepr-0208,Sample PR 0208 by sampleuser-050,sampleu050,1,2025-04-02T00:45:46+03:00,
samplepr-0209,Sample PR 0209 by sampleuser-051,sampleu051,1,2025-03-18T03:45:46+03:00,
samplepr-0210,Sample PR 0210 by sampleuser-051,sampleu051,2,2025-04-21T03:45:46+03:00,2025-05-05T20:45:46+03:00
samplepr-0211,Sample PR 0211 by sampleuser-051,sampleu051,1,2025-09-02T06:45:46+03:00,
samplepr-0212,Sample PR 0212 by sampleuser-051,sampleu051,1,2025-05-01T19:45:46+03:00,
samplepr-0213,Sample PR 0213 by sampleuser-051,sampleu051,1,2025-08-15T08:45:46+03:00,
samplepr-0214,Sample PR 0214 by sampleuser-052,sampleu052,2,2025-07-19T08:45:46+03:00,2025-08-07T14:45:46+03:00
samplepr-0215,Sample PR 0215 by sampleuser-052,sampleu052,1,2025-03-26T12:45:46+03:00,
samplepr-0216,Sample PR 0216 by sampleuser-052,sampleu052,2,2025-11-08T08:45:46+03:00,2025-11-14T17:45:46+03:00
samplepr-0217,Sample PR 0217 by sampleuser-052,sampleu052,2,2024-12-02T00:45:46+03:00,2024-12-21T07:45:46+03:00
samplepr-0218,Sample PR 0218 by sampleuser-052,sampleu052,2,2025-02-20T10:45:46+03:00,2025-02-27T05:45:46+03:00
samplepr-0219,Sample PR 0219 by sampleuser-053,sampleu053,1,2025-07-22T05:45:46+03:00,
samplepr-0220,Sample PR 0220 by sampleuser-053,sampleu053,2,2025-10-29T18:45:46+03:00,2025-11-14T09:45:46+03:00
samplepr-0221,Sample PR 0221 by sampleuser-053,sampleu053,2,2025-08-07T12:45:46+03:00,2025-08-07T20:45:46+03:00
samplepr-0222,Sample PR 0222 by sampleuser-053,sampleu053,1,2025-02-22T10:45:46+03:00,
samplepr-0223,Sample PR 0223 by sampleuser-054,sampleu054,1,2025-06-14T18:45:46+03:00,
samplepr-0224,Sample PR 0224 by sampleuser-054,sampleu054,1,2025-03-21T23:45:46+03:00,
samplepr-0225,Sample PR 0225 by sampleuser-054,sampleu054,1,2024-11-25T14:45:46+03:00,
samplepr-0226,Sample PR 0226 by sampleuser-055,sampleu055,1,2025-03-31T08:45:46+03:00,
samplepr-0227,Sample PR 0227 by sampleuser-055,sampleu055,1,2025-04-11T12:45:46+03:00,
samplepr-0228,Sample PR 0228 by sampleuser-055,sampleu055,1,2024-11-22T22:45:46+03:00,
samplepr-0229,Sample PR 0229 by sampleuser-056,sampleu056,1,2024-12-15T02:45:46+03:00,
samplepr-0230,Sample PR 0230 by sampleuser-056,sampleu056,1,2025-01-17T19:45:46+03:00,
samplepr-0231,Sample PR 0231 by sampleuser-056,sampleu056,1,2025-05-22T12:45:46+03:00,
samplepr-0232,Sample PR 0232 by sampleuser-056,sampleu056,2,2025-07-05T07:45:46+03:00,2025-07-13T00:45:46+03:00
samplepr-0233,Sample PR 0233 by sampleuser-057,sampleu057,1,2024-12-15T05:45:46+03:00,
samplepr-0234,Sample PR 0234 by sampleuser-057,sampleu057,1,2025-08-31T20:45:46+03:00,
samplepr-0235,Sample PR 0235 by sampleuser-057,sampleu057,2,2025-06-13T11:45:46+03:00,2025-06-20T13:45:46+03:00
samplepr-0236,Sample PR 0236 by sampleuser-058,sampleu058,2,2025-08-02T22:45:46+03:00,2025-08-15T22:45:46+03:00
samplepr-0237,Sample PR 0237 by sampleuser-058,sampleu058,2,2025-08-11T03:45:46+03:00,2025-08-21T11:45:46+03:00
samplepr-0238,Sample PR 0238 by sampleuser-058,sampleu058,1,2025-07-14T20:45:46+03:00,
samplepr-0239,Sample PR 0239 by sampleuser-058,sampleu058,2,2025-07-20T14:45:46+03:00,2025-08-12T15:45:46+03:00
samplepr-0240,Sample PR 0240 by sampleuser-059,sampleu059,1,2025-01-06T16:45:46+03:00,
samplepr-0241,Sample PR 0241 by sampleuser-059,sampleu059,1,2025-04-24T00:45:46+03:00,
samplepr-0242,Sample PR 0242 by sampleuser-059,sampleu059,2,2025-02-01T17:45:46+03:00,2025-02-05T05:45:46+03:00
samplepr-0243,Sample PR 0243 by sampleuser-059,sampleu059,2,2025-08-07T12:45:46+03:00,2025-08-28T21:45:46+03:00
samplepr-0244,Sample PR 0244 by sampleuser-059,sampleu059,2,2025-05-01T17:45:46+03:00,2025-05-28T02:45:46+03:00
samplepr-0245,Sample PR 0245 by sampleuser-060,sampleu060,2,2025-07-12T05:45:46+03:00,2025-07-26T04:45:46+03:00
samplepr-0246,Sample PR 0246 by sampleuser-060,sampleu060,2,2025-08-13T14:45:46+03:00,2025-08-28T15:45:46+03:00
samplepr-0247,Sample PR 0247 by sampleuser-060,sampleu060,2,2025-10-25T02:45:46+03:00,2025-11-12T03:45:46+03:00
samplepr-0248,Sample PR 0248 by sampleuser-060,sampleu060,2,2024-12-01T23:45:46+03:00,2024-12-15T14:45:46+03:00
samplepr-0249,Sample PR 0249 by sampleuser-061,sampleu061,1,2025-08-18T00:45:46+03:00,
samplepr-0250,Sample PR 0250 by sampleuser-061,sampleu061,2,2025-02-20T03:45:46+03:00,2025-03-11T09:45:46+03:00
samplepr-0251,Sample PR 0251 by sampleuser-061,sampleu061,2,2025-07-03T06:45:46+03:00,2025-07-27T19:45:46+03:00
samplepr-0252,Sample PR 0252 by sampleuser-061,sampleu061,1,2025-06-02T19:45:46+03:00,
samplepr-0253,Sample PR 0253 by sampleuser-061,sampleu061,1,2024-12-06T12:45:46+03:00,
samplepr-0254,Sample PR 0254 by sampleuser-062,sampleu062,1,2025-01-03T08:45:46+03:00,
samplepr-0255,Sample PR 0255 by sampleuser-062,sampleu062,2,2025-04-19T16:45:46+03:00,2025-05-02T00:45:46+03:00
samplepr-0256,Sample PR 0256 by sampleuser-062,sampleu062,2,2025-10-04T06:45:46+03:00,2025-10-23T05:45:46+03:00
samplepr-0257,Sample PR 0257 by sampleuser-062,sampleu062,1,2025-04-16T00:45:46+03:00,
samplepr-0258,Sample PR 0258 by sampleuser-063,sampleu063,1,2025-03-24T08:45:46+03:00,
samplepr-0259,Sample PR 0259 by sampleuser-063,sampleu063,1,2025-03-29T13:45:46+03:00,
samplepr-0260,Sample PR 0260 by sampleuser-063,sampleu063,2,2025-08-11T23:45:46+03:00,2025-09-10T14:45:46+03:00
samplepr-0261,Sample PR 0261 by sampleuser-063,sampleu063,1,2025-09-19T20:45:46+03:00,
samplepr-0262,Sample PR 0262 by sampleuser-063,sampleu063,2,2025-01-12T13:45:46+03:00,2025-01-23T02:45:46+03:00
samplepr-0263,Sample PR 0263 by sampleuser-064,sampleu064,2,2025-09-20T08:45:46+03:00,2025-10-19T09:45:46+03:00
samplepr-0264,Sample PR 0264 by sampleuser-064,sampleu064,2,2025-02-24T19:45:46+03:00,2025-03-09T01:45:46+03:00
samplepr-0265,Sample PR 0265 by sampleuser-064,sampleu064,2,2025-07-20T17:45:46+03:00,2025-08-09T02:45:46+03:00
samplepr-0266,Sample PR 0266 by sampleuser-064,sampleu064,2,2025-10-22T16:45:46+03:00,2025-11-12T06:45:46+03:00
samplepr-0267,Sample PR 0267 by sampleuser-065,sampleu065,1,2025-07-18T12:45:46+03:00,
samplepr-0268,Sample PR 0268 by sampleuser-065,sampleu065,2,2025-04-03T14:45:46+03:00,2025-04-08T09:45:46+03:00
samplepr-0269,Sample PR 0269 by sampleuser-065,sampleu065,1,2025-05-06T07:45:46+03:00,
samplepr-0270,Sample PR 0270 by sampleuser-065,sampleu065,1,2025-01-20T17:45:46+03:00,
samplepr-0271,Sample PR 0271 by sampleuser-066,sampleu066,1,2025-01-10T16:45:46+03:00,
samplepr-0272,Sample PR 0272 by sampleuser-066,sampleu066,2,2025-05-21T18:45:46+03:00,2025-06-10T23:45:46+03:00
samplepr-0273,Sample PR 0273 by sampleuser-066,sampleu066,2,2025-08-19T23:45:46+03:00,2025-08-29T22:45:46+03:00
samplepr-0274,Sample PR 0274 by sampleuser-066,sampleu066,2,2025-01-04T09:45:46+03:00,2025-01-10T11:45:46+03:00
samplepr-0275,Sample PR 0275 by sampleuser-067,sampleu067,2,2024-12-05T00:45:46+03:00,2024-12-24T21:45:46+03:00
samplepr-0276,Sample PR 0276 by sampleuser-067,sampleu067,2,2025-06-03T08:45:46+03:00,2025-06-12T18:45:46+03:00
samplepr-0277,Sample PR 0277 by sampleuser-067,sampleu067,1,2025-09-17T02:45:46+03:00,
samplepr-0278,Sample PR 0278 by sampleuser-067,sampleu067,1,2025-03-16T05:45:46+03:00,
samplepr-0279,Sample PR 0279 by sampleuser-068,sampleu068,1,2025-04-17T14:45:46+03:00,
samplepr-0280,Sample PR 0280 by sampleuser-068,sampleu068,1,2024-12-22T01:45:46+03:00,
samplepr-0281,Sample PR 0281 by sampleuser-068,sampleu068,1,2025-04-04T01:45:46+03:00,
samplepr-0282,Sample PR 0282 by sampleuser-068,sampleu068,1,2025-02-06T06:45:46+03:00,
samplepr-0283,Sample PR 0283 by sampleuser-069,sampleu069,2,2025-06-02T20:45:46+03:00,2025-06-21T16:45:46+03:00
samplepr-0284,Sample PR 0284 by sampleuser-069,sampleu069,2,2024-12-06T03:45:46+03:00,2024-12-30T02:45:46+03:00
samplepr-0285,Sample PR 0285 by sampleuser-069,sampleu069,1,2025-01-25T22:45:46+03:00,
samplepr-0286,Sample PR 0286 by sampleuser-070,sampleu070,1,2025-07-25T06:45:46+03:00,
samplepr-0287,Sample PR 0287 by sampleuser-070,sampleu070,1,2024-12-07T00:45:46+03:00,
samplepr-0288,Sample PR 0288 by sampleuser-070,sampleu070,2,2024-11-23T09:45:46+03:00,2024-12-21T04:45:46+03:00
samplepr-0289,Sample PR 0289 by sampleuser-071,sampleu071,2,2025-11-07T20:45:46+03:00,2025-12-02T07:45:46+03:00
samplepr-0290,Sample PR 0290 by sampleuser-071,sampleu071,1,2025-11-09T05:45:46+03:00,
samplepr-0291,Sample PR 0291 by sampleuser-071,sampleu071,1,2025-05-28T00:45:46+03:00,
samplepr-0292,Sample PR 0292 by sampleuser-071,sampleu071,2,2025-02-04T00:45:46+03:00,2025-02-19T13:45:46+03:00
samplepr-0293,Sample PR 0293 by sampleuser-071,sampleu071,1,2025-05-14T14:45:46+03:00,
samplepr-0294,Sample PR 0294 by sampleuser-072,sampleu072,2,2025-07-26T21:45:46+03:00,2025-08-11T01:45:46+03:00
samplepr-0295,Sample PR 0295 by sampleuser-072,sampleu072,1,2025-11-15T01:45:46+03:00,
samplepr-0296,Sample PR 0296 by sampleuser-072,sampleu072,1,2025-08-31T05:45:46+03:00,
samplepr-0297,Sample PR 0297 by sampleuser-073,sampleu073,2,2025-10-08T16:45:46+03:00,2025-10-11T05:45:46+03:00
samplepr-0298,Sample PR 0298 by sampleuser-073,sampleu073,1,2024-12-13T08:45:46+03:00,
samplepr-0299,Sample PR 0299 by sampleuser-073,sampleu073,2,2025-05-26T14:45:46+03:00,2025-06-20T04:45:46+03:00
samplepr-0300,Sample PR 0300 by sampleuser-073,sampleu073,1,2025-02-01T06:45:46+03:00,
samplepr-0301,Sample PR 0301 by sampleuser-073,sampleu073,2,2025-11-04T07:45:46+03:00,2025-12-03T07:45:46+03:00
samplepr-0302,Sample PR 0302 by sampleuser-074,sampleu074,1,2025-04-04T06:45:46+03:00,
samplepr-0303,Sample PR 0303 by sampleuser-074,sampleu074,1,2025-09-29T05:45:46+03:00,
samplepr-0304,Sample PR 0304 by sampleuser-074,sampleu074,2,2025-07-10T12:45:46+03:00,2025-07-31T14:45:46+03:00
samplepr-0305,Sample PR 0305 by sampleuser-074,sampleu074,1,2025-06-25T10:45:46+03:00,
samplepr-0306,Sample PR 0306 by sampleuser-074,sampleu074,1,2025-02-05T13:45:46+03:00,
samplepr-0307,Sample PR 0307 by sampleuser-075,sampleu075,1,2025-03-12T03:45:46+03:00,
samplepr-0308,Sample PR 0308 by sampleuser-075,sampleu075,2,2025-02-23T08:45:46+03:00,2025-03-25T01:45:46+03:00
samplepr-0309,Sample PR 0309 by sampleuser-075,sampleu075,2,2024-12-05T13:45:46+03:00,2024-12-27T06:45:46+03:00
samplepr-0310,Sample PR 0310 by sampleuser-075,sampleu075,1,2024-11-28T17:45:46+03:00,
samplepr-0311,Sample PR 0311 by sampleuser-076,sampleu076,2,2025-10-09T14:45:46+03:00,2025-10-20T12:45:46+03:00
samplepr-0312,Sample PR 0312 by sampleuser-076,sampleu076,1,2025-09-17T17:45:46+03:00,
samplepr-0313,Sample PR 0313 by sampleuser-076,sampleu076,2,2025-07-01T19:45:46+03:00,2025-07-23T18:45:46+03:00
samplepr-0314,Sample PR 0314 by sampleuser-076,sampleu076,1,2024-12-07T20:45:46+03:00,
samplepr-0315,Sample PR 0315 by sampleuser-076,sampleu076,2,2025-04-18T08:45:46+03:00,2025-04-23T09:45:46+03:00
samplepr-0316,Sample PR 0316 by sampleuser-077,sampleu077,2,2025-02-16T08:45:46+03:00,2025-03-04T10:45:46+03:00
samplepr-0317,Sample PR 0317 by sampleuser-077,sampleu077,2,2025-05-29T01:45:46+03:00,2025-06-19T10:45:46+03:00
samplepr-0318,Sample PR 0318 by sampleuser-077,sampleu077,1,2025-02-21T07:45:46+03:00,
samplepr-0319,Sample PR 0319 by sampleuser-077,sampleu077,2,2024-11-25T04:45:46+03:00,2024-12-01T04:45:46+03:00
samplepr-0320,Sample PR 0320 by sampleuser-078,sampleu078,1,2025-08-19T13:45:46+03:00,
samplepr-0321,Sample PR 0321 by sampleuser-078,sampleu078,2,2025-08-14T04:45:46+03:00,2025-09-12T19:45:46+03:00
samplepr-0322,Sample PR 0322 by sampleuser-078,sampleu078,1,2025-01-28T15:45:46+03:00,
samplepr-0323,Sample PR 0323 by sampleuser-078,sampleu078,1,2025-06-20T06:45:46+03:00,
samplepr-0324,Sample PR 0324 by sampleuser-078,sampleu078,1,2025-03-28T02:45:46+03:00,
samplepr-0325,Sample PR 0325 by sampleuser-079,sampleu079,2,2025-06-16T18:45:46+03:00,2025-07-03T08:45:46+03:00
samplepr-0326,Sample PR 0326 by sampleuser-079,sampleu079,2,2025-03-05T01:45:46+03:00,2025-03-11T04:45:46+03:00
samplepr-0327,Sample PR 0327 by sampleuser-079,sampleu079,2,2025-02-08T07:45:46+03:00,2025-02-28T05:45:46+03:00
samplepr-0328,Sample PR 0328 by sampleuser-079,sampleu079,2,2024-12-13T08:45:46+03:00,2024-12-17T22:45:46+03:00
samplepr-0329,Sample PR 0329 by sampleuser-079,sampleu079,1,2025-01-13T02:45:46+03:00,
samplepr-0330,Sample PR 0330 by sampleuser-080,sampleu080,1,2024-12-26T22:45:46+03:00,
samplepr-0331,Sample PR 0331 by sampleuser-080,sampleu080,1,2025-07-01T00:45:46+03:00,
samplepr-0332,Sample PR 0332 by sampleuser-080,sampleu080,1,2025-03-22T10:45:46+03:00,
samplepr-0333,Sample PR 0333 by sampleuser-081,sampleu081,2,2025-04-22T21:45:46+03:00,2025-05-07T09:45:46+03:00
samplepr-0334,Sample PR 0334 by sampleuser-081,sampleu081,2,2025-03-31T11:45:46+03:00,2025-04-27T17:45:46+03:00
samplepr-0335,Sample PR 0335 by sampleuser-081,sampleu081,1,2025-05-01T07:45:46+03:00,
samplepr-0336,Sample PR 0336 by sampleuser-081,sampleu081,1,2025-03-22T13:45:46+03:00,
samplepr-0337,Sample PR 0337 by sampleuser-082,sampleu082,1,2025-04-27T05:45:46+03:00,
samplepr-0338,Sample PR 0338 by sampleuser-082,sampleu082,2,2025-05-23T11:45:46+03:00,2025-05-31T23:45:46+03:00
samplepr-0339,Sample PR 0339 by sampleuser-082,sampleu082,1,2025-02-10T05:45:46+03:00,
samplepr-0340,Sample PR 0340 by sampleuser-082,sampleu082,1,2025-07-03T06:45:46+03:00,
samplepr-0341,Sample PR 0341 by sampleuser-082,sampleu082,2,2025-03-05T09:45:46+03:00,2025-03-30T12:45:46+03:00
samplepr-0342,Sample PR 0342 by sampleuser-083,sampleu083,2,2025-03-15T08:45:46+03:00,2025-03-22T09:45:46+03:00
samplepr-0343,Sample PR 0343 by sampleuser-083,sampleu083,2,2025-10-03T11:45:46+03:00,2025-10-08T20:45:46+03:00
samplepr-0344,Sample PR 0344 by sampleuser-083,sampleu083,2,2025-06-19T11:45:46+03:00,2025-06-22T09:45:46+03:00
samplepr-0345,Sample PR 0345 by sampleuser-083,sampleu083,2,2025-07-13T01:45:46+03:00,2025-08-05T19:45:46+03:00
samplepr-0346,Sample PR 0346 by sampleuser-084,sampleu084,2,2025-03-21T07:45:46+03:00,2025-04-13T18:45:46+03:00
samplepr-0347,Sample PR 0347 by sampleuser-084,sampleu084,1,2024-11-28T22:45:46+03:00,
samplepr-0348,Sample PR 0348 by sampleuser-084,sampleu084,2,2024-12-27T12:45:46+03:00,2025-01-08T15:45:46+03:00
samplepr-0349,Sample PR 0349 by sampleuser-084,sampleu084,1,2025-09-17T19:45:46+03:00,
samplepr-0350,Sample PR 0350 by sampleuser-084,sampleu084,2,2024-12-04T08:45:46+03:00,2024-12-18T12:45:46+03:00
samplepr-0351,Sample PR 0351 by sampleuser-085,sampleu085,2,2025-02-01T02:45:46+03:00,2025-02-11T02:45:46+03:00
samplepr-0352,Sample PR 0352 by sampleuser-085,sampleu085,2,2025-05-01T23:45:46+03:00,2025-05-23T13:45:46+03:00
samplepr-0353,Sample PR 0353 by sampleuser-085,sampleu085,2,2024-12-24T17:45:46+03:00,2025-01-13T11:45:46+03:00
samplepr-0354,Sample PR 0354 by sampleuser-085,sampleu085,1,2025-08-29T04:45:46+03:00,
samplepr-0355,Sample PR 0355 by sampleuser-086,sampleu086,2,2025-11-12T08:45:46+03:00,2025-12-06T02:45:46+03:00
samplepr-0356,Sample PR 0356 by sampleuser-086,sampleu086,1,2025-05-21T01:45:46+03:00,
samplepr-0357,Sample PR 0357 by sampleuser-086,sampleu086,1,2025-04-30T19:45:46+03:00,
samplepr-0358,Sample PR 0358 by sampleuser-087,sampleu087,1,2025-07-01T06:45:46+03:00,
samplepr-0359,Sample PR 0359 by sampleuser-087,sampleu087,2,2024-11-27T15:45:46+03:00,2024-12-23T23:45:46+03:00
samplepr-0360,Sample PR 0360 by sampleuser-087,sampleu087,2,2025-07-25T15:45:46+03:00,2025-08-15T06:45:46+03:00
samplepr-0361,Sample PR 0361 by sampleuser-087,sampleu087,1,2025-11-12T02:45:46+03:00,
samplepr-0362,Sample PR 0362 by sampleuser-087,sampleu087,1,2025-10-15T00:45:46+03:00,
samplepr-0363,Sample PR 0363 by sampleuser-088,sampleu088,1,2025-05-12T21:45:46+03:00,
samplepr-0364,Sample PR 0364 by sampleuser-088,sampleu088,1,2025-06-08T01:45:46+03:00,
samplepr-0365,Sample PR 0365 by sampleuser-088,sampleu088,2,2025-11-18T20:45:46+03:00,2025-11-30T17:45:46+03:00
samplepr-0366,Sample PR 0366 by sampleuser-088,sampleu088,1,2025-11-08T21:45:46+03:00,
samplepr-0367,Sample PR 0367 by sampleuser-088,sampleu088,2,2025-05-08T15:45:46+03:00,2025-05-21T20:45:46+03:00
samplepr-0368,Sample PR 0368 by sampleuser-089,sampleu089,2,2025-07-04T15:45:46+03:00,2025-07-14T14:45:46+03:00
samplepr-0369,Sample PR 0369 by sampleuser-089,sampleu089,1,2025-06-05T15:45:46+03:00,
samplepr-0370,Sample PR 0370 by sampleuser-089,sampleu089,2,2025-02-22T05:45:46+03:00,2025-03-18T02:45:46+03:00
samplepr-0371,Sample PR 0371 by sampleuser-090,sampleu090,2,2025-11-11T15:45:46+03:00,2025-12-09T12:45:46+03:00
samplepr-0372,Sample PR 0372 by sampleuser-090,sampleu090,1,2025-02-18T14:45:46+03:00,
samplepr-0373,Sample PR 0373 by sampleuser-090,sampleu090,2,2024-12-18T23:45:46+03:00,2025-01-11T16:45:46+03:00
samplepr-0374,Sample PR 0374 by sampleuser-090,sampleu090,2,2025-04-21T12:45:46+03:00,2025-05-15T14:45:46+03:00
samplepr-0375,Sample PR 0375 by sampleuser-091,sampleu091,2,2025-01-30T09:45:46+03:00,2025-02-03T18:45:46+03:00
samplepr-0376,Sample PR 0376 by sampleuser-091,sampleu091,2,2025-11-01T23:45:46+03:00,2025-11-30T12:45:46+03:00
samplepr-0377,Sample PR 0377 by sampleuser-091,sampleu091,1,2025-03-17T10:45:46+03:00,
samplepr-0378,Sample PR 0378 by sampleuser-091,sampleu091,1,2025-11-11T22:45:46+03:00,
samplepr-0379,Sample PR 0379 by sampleuser-091,sampleu091,2,2024-12-25T02:45:46+03:00,2025-01-03T22:45:46+03:00
samplepr-0380,Sample PR 0380 by sampleuser-092,sampleu092,2,2025-11-01T08:45:46+03:00,2025-11-20T04:45:46+03:00
samplepr-0381,Sample PR 0381 by sampleuser-092,sampleu092,2,2024-12-04T20:45:46+03:00,2024-12-16T02:45:46+03:00
samplepr-0382,Sample PR 0382 by sampleuser-092,sampleu092,1,2025-09-09T08:45:46+03:00,
samplepr-0383,Sample PR 0383 by sampleuser-093,sampleu093,1,2025-08-04T14:45:46+03:00,
samplepr-0384,Sample PR 0384 by sampleuser-093,sampleu093,1,2025-09-26T16:45:46+03:00,
samplepr-0385,Sample PR 0385 by sampleuser-093,sampleu093,1,2025-09-23T20:45:46+03:00,
samplepr-0386,Sample PR 0386 by sampleuser-093,sampleu093,1,2025-01-15T00:45:46+03:00,
samplepr-0387,Sample PR 0387 by sampleuser-093,sampleu093,1,2025-04-23T02:45:46+03:00,
samplepr-0388,Sample PR 0388 by sampleuser-094,sampleu094,1,2025-03-29T23:45:46+03:00,
samplepr-0389,Sample PR 0389 by sampleuser-094,sampleu094,1,2025-05-18T00:45:46+03:00,
samplepr-0390,Sample PR 0390 by sampleuser-094,sampleu094,1,2025-07-28T08:45:46+03:00,
samplepr-0391,Sample PR 0391 by sampleuser-094,sampleu094,2,2025-09-17T09:45:46+03:00,2025-10-12T18:45:46+03:00
samplepr-0392,Sample PR 0392 by sampleuser-094,sampleu094,2,2025-02-24T14:45:46+03:00,2025-03-04T17:45:46+03:00
samplepr-0393,Sample PR 0393 by sampleuser-095,sampleu095,1,2025-09-01T13:45:46+03:00,
samplepr-0394,Sample PR 0394 by sampleuser-095,sampleu095,1,2025-08-08T09:45:46+03:00,
samplepr-0395,Sample PR 0395 by sampleuser-095,sampleu095,1,2025-10-06T08:45:46+03:00,
samplepr-0396,Sample PR 0396 by sampleuser-095,sampleu095,1,2025-01-10T03:45:46+03:00,
samplepr-0397,Sample PR 0397 by sampleuser-096,sampleu096,1,2025-03-17T05:45:46+03:00,
samplepr-0398,Sample PR 0398 by sampleuser-096,sampleu096,2,2025-10-29T12:45:46+03:00,2025-11-25T11:45:46+03:00
samplepr-0399,Sample PR 0399 by sampleuser-096,sampleu096,2,2025-02-15T23:45:46+03:00,2025-02-20T06:45:46+03:00
samplepr-0400,Sample PR 0400 by sampleuser-096,sampleu096,1,2025-06-27T12:45:46+03:00,
samplepr-0401,Sample PR 0401 by sampleuser-096,sampleu096,1,2025-08-08T04:45:46+03:00,
samplepr-0402,Sample PR 0402 by sampleuser-097,sampleu097,1,2024-12-04T12:45:46+03:00,
samplepr-0403,Sample PR 0403 by sampleuser-097,sampleu097,2,2025-07-29T18:45:46+03:00,2025-08-18T11:45:46+03:00
samplepr-0404,Sample PR 0404 by sampleuser-097,sampleu097,1,2025-02-09T18:45:46+03:00,
samplepr-0405,Sample PR 0405 by sampleuser-097,sampleu097,2,2024-12-20T09:45:46+03:00,2024-12-29T17:45:46+03:00
samplepr-0406,Sample PR 0406 by sampleuser-097,sampleu097,2,2025-05-10T15:45:46+03:00,2025-05-24T18:45:46+03:00
samplepr-0407,Sample PR 0407 by sampleuser-098,sampleu098,1,2025-01-13T13:45:46+03:00,
samplepr-0408,Sample PR 0408 by sampleuser-098,sampleu098,1,2025-02-12T00:45:46+03:00,
samplepr-0409,Sample PR 0409 by sampleuser-098,sampleu098,2,2025-07-05T03:45:46+03:00,2025-07-05T10:45:46+03:00
samplepr-0410,Sample PR 0410 by sampleuser-098,sampleu098,2,2025-09-29T18:45:46+03:00,2025-10-22T17:45:46+03:00
samplepr-0411,Sample PR 0411 by sampleuser-098,sampleu098,2,2025-03-09T20:45:46+03:00,2025-03-25T17:45:46+03:00
samplepr-0412,Sample PR 0412 by sampleuser-099,sampleu099,2,2025-04-09T02:45:46+03:00,2025-05-04T17:45:46+03:00
samplepr-0413,Sample PR 0413 by sampleuser-099,sampleu099,2,2025-02-26T22:45:46+03:00,2025-03-07T05:45:46+03:00
samplepr-0414,Sample PR 0414 by sampleuser-099,sampleu099,1,2025-04-25T17:45:46+03:00,
samplepr-0415,Sample PR 0415 by sampleuser-099,sampleu099,2,2025-02-20T13:45:46+03:00,2025-03-12T21:45:46+03:00
samplepr-0416,Sample PR 0416 by sampleuser-099,sampleu099,1,2025-01-01T01:45:46+03:00,
samplepr-0417,Sample PR 0417 by sampleuser-100,sampleu100,2,2025-05-11T01:45:46+03:00,2025-05-11T11:45:46+03:00
samplepr-0418,Sample PR 0418 by sampleuser-100,sampleu100,1,2025-01-08T13:45:46+03:00,
samplepr-0419,Sample PR 0419 by sampleuser-100,sampleu100,2,2025-06-07T04:45:46+03:00,2025-06-24T07:45:46+03:00
samplepr-0420,Sample PR 0420 by sampleuser-100,sampleu100,2,2025-01-30T13:45:46+03:00,2025-02-11T09:45:46+03:00
samplepr-0421,Sample PR 0421 by sampleuser-101,sampleu101,2,2025-11-03T09:45:46+03:00,2025-11-12T19:45:46+03:00
samplepr-0422,Sample PR 0422 by sampleuser-101,sampleu101,1,2025-01-18T23:45:46+03:00,
samplepr-0423,Sample PR 0423 by sampleuser-101,sampleu101,1,2025-04-15T12:45:46+03:00,
samplepr-0424,Sample PR 0424 by sampleuser-101,sampleu101,1,2025-08-10T06:45:46+03:00,
samplepr-0425,Sample PR 0425 by sampleuser-101,sampleu101,1,2025-07-20T23:45:46+03:00,
samplepr-0426,Sample PR 0426 by sampleuser-102,sampleu102,1,2024-12-16T16:45:46+03:00,
samplepr-0427,Sample PR 0427 by sampleuser-102,sampleu102,2,2024-12-30T08:45:46+03:00,2025-01-10T18:45:46+03:00
samplepr-0428,Sample PR 0428 by sampleuser-102,sampleu102,1,2025-11-15T10:45:46+03:00,
samplepr-0429,Sample PR 0429 by sampleuser-102,sampleu102,2,2025-01-13T14:45:46+03:00,2025-02-02T03:45:46+03:00
samplepr-0430,Sample PR 0430 by sampleuser-102,sampleu102,2,2025-07-27T09:45:46+03:00,2025-08-24T06:45:46+03:00
samplepr-0431,Sample PR 0431 by sampleuser-103,sampleu103,2,2024-12-31T05:45:46+03:00,2025-01-11T17:45:46+03:00
samplepr-0432,Sample PR 0432 by sampleuser-103,sampleu103,2,2025-08-18T08:45:46+03:00,2025-09-01T02:45:46+03:00
samplepr-0433,Sample PR 0433 by sampleuser-103,sampleu103,1,2025-02-16T09:45:46+03:00,
samplepr-0434,Sample PR 0434 by sampleuser-103,sampleu103,1,2025-04-30T05:45:46+03:00,
samplepr-0435,Sample PR 0435 by sampleuser-103,sampleu103,1,2025-01-14T22:45:46+03:00,
samplepr-0436,Sample PR 0436 by sampleuser-104,sampleu104,2,2025-03-01T12:45:46+03:00,2025-03-07T01:45:46+03:00
samplepr-0437,Sample PR 0437 by sampleuser-104,sampleu104,2,2025-09-07T19:45:46+03:00,2025-09-16T17:45:46+03:00
samplepr-0438,Sample PR 0438 by sampleuser-104,sampleu104,1,2025-06-14T10:45:46+03:00,
samplepr-0439,Sample PR 0439 by sampleuser-105,sampleu105,2,2025-01-06T22:45:46+03:00,2025-01-17T18:45:46+03:00
samplepr-0440,Sample PR 0440 by sampleuser-105,sampleu105,2,2025-10-21T00:45:46+03:00,2025-11-17T01:45:46+03:00
samplepr-0441,Sample PR 0441 by sampleuser-105,sampleu105,2,2025-01-05T14:45:46+03:00,2025-01-13T07:45:46+03:00
samplepr-0442,Sample PR 0442 by sampleuser-106,sampleu106,2,2025-07-17T14:45:46+03:00,2025-08-12T01:45:46+03:00
samplepr-0443,Sample PR 0443 by sampleuser-106,sampleu106,2,2024-11-23T07:45:46+03:00,2024-12-15T13:45:46+03:00
samplepr-0444,Sample PR 0444 by sampleuser-106,sampleu106,2,2025-11-17T21:45:46+03:00,2025-12-05T14:45:46+03:00
samplepr-0445,Sample PR 0445 by sampleuser-107,sampleu107,1,2025-02-08T11:45:46+03:00,
samplepr-0446,Sample PR 0446 by sampleuser-107,sampleu107,1,2025-11-04T11:45:46+03:00,
samplepr-0447,Sample PR 0447 by sampleuser-107,sampleu107,2,2025-02-14T11:45:46+03:00,2025-03-13T22:45:46+03:00
samplepr-0448,Sample PR 0448 by sampleuser-108,sampleu108,1,2025-07-13T06:45:46+03:00,
samplepr-0449,Sample PR 0449 by sampleuser-108,sampleu108,1,2025-05-09T03:45:46+03:00,
samplepr-0450,Sample PR 0450 by sampleuser-108,sampleu108,2,2025-04-27T13:45:46+03:00,2025-05-02T01:45:46+03:00
samplepr-0451,Sample PR 0451 by sampleuser-108,sampleu108,2,2025-05-16T11:45:46+03:00,2025-06-01T00:45:46+03:00
samplepr-0452,Sample PR 0452 by sampleuser-109,sampleu109,2,2025-01-25T21:45:46+03:00,2025-02-20T09:45:46+03:00
samplepr-0453,Sample PR 0453 by sampleuser-109,sampleu109,1,2025-08-13T05:45:46+03:00,
samplepr-0454,Sample PR 0454 by sampleuser-109,sampleu109,1,2025-01-04T07:45:46+03:00,
samplepr-0455,Sample PR 0455 by sampleuser-110,sampleu110,1,2025-08-12T02:45:46+03:00,
samplepr-0456,Sample PR 0456 by sampleuser-110,sampleu110,2,2024-12-22T13:45:46+03:00,2025-01-13T22:45:46+03:00
samplepr-0457,Sample PR 0457 by sampleuser-110,sampleu110,2,2025-03-19T15:45:46+03:00,2025-04-15T04:45:46+03:00
samplepr-0458,Sample PR 0458 by sampleuser-110,sampleu110,2,2025-03-23T06:45:46+03:00,2025-04-21T01:45:46+03:00
samplepr-0459,Sample PR 0459 by sampleuser-110,sampleu110,1,2025-07-19T14:45:46+03:00,
samplepr-0460,Sample PR 0460 by sampleuser-111,sampleu111,2,2025-01-06T19:45:46+03:00,2025-01-21T08:45:46+03:00
samplepr-0461,Sample PR 0461 by sampleuser-111,sampleu111,1,2025-07-23T16:45:46+03:00,
samplepr-0462,Sample PR 0462 by sampleuser-111,sampleu111,2,2025-10-28T15:45:46+03:00,2025-11-11T06:45:46+03:00
samplepr-0463,Sample PR 0463 by sampleuser-111,sampleu111,2,2025-09-01T04:45:46+03:00,2025-09-12T00:45:46+03:00
samplepr-0464,Sample PR 0464 by sampleuser-111,sampleu111,1,2025-05-15T16:45:46+03:00,
samplepr-0465,Sample PR 0465 by sampleuser-112,sampleu112,2,2024-11-23T12:45:46+03:00,2024-11-27T20:45:46+03:00
samplepr-0466,Sample PR 0466 by sampleuser-112,sampleu112,1,2025-04-24T20:45:46+03:00,
samplepr-0467,Sample PR 0467 by sampleuser-112,sampleu112,1,2025-04-15T02:45:46+03:00,
samplepr-0468,Sample PR 0468 by sampleuser-113,sampleu113,2,2025-09-03T15:45:46+03:00,2025-09-23T11:45:46+03:00
samplepr-0469,Sample PR 0469 by sampleuser-113,sampleu113,1,2025-11-05T07:45:46+03:00,
samplepr-0470,Sample PR 0470 by sampleuser-113,sampleu113,2,2025-08-12T05:45:46+03:00,2025-08-13T19:45:46+03:00
samplepr-0471,Sample PR 0471 by sampleuser-113,sampleu113,2,2025-01-22T21:45:46+03:00,2025-01-26T22:45:46+03:00
samplepr-0472,Sample PR 0472 by sampleuser-114,sampleu114,2,2025-09-17T01:45:46+03:00,2025-09-18T01:45:46+03:00
samplepr-0473,Sample PR 0473 by sampleuser-114,sampleu114,1,2025-07-12T07:45:46+03:00,
samplepr-0474,Sample PR 0474 by sampleuser-114,sampleu114,2,2025-10-09T00:45:46+03:00,2025-10-29T23:45:46+03:00
samplepr-0475,Sample PR 0475 by sampleuser-114,sampleu114,1,2025-07-12T22:45:46+03:00,
samplepr-0476,Sample PR 0476 by sampleuser-115,sampleu115,2,2025-10-26T02:45:46+03:00,2025-11-11T16:45:46+03:00
samplepr-0477,Sample PR 0477 by sampleuser-115,sampleu115,2,2025-03-13T18:45:46+03:00,2025-03-23T21:45:46+03:00
samplepr-0478,Sample PR 0478 by sampleuser-115,sampleu115,1,2025-05-04T09:45:46+03:00,
samplepr-0479,Sample PR 0479 by sampleuser-116,sampleu116,1,2025-02-22T22:45:46+03:00,
samplepr-0480,Sample PR 0480 by sampleuser-116,sampleu116,2,2025-05-18T08:45:46+03:00,2025-05-30T02:45:46+03:00
samplepr-0481,Sample PR 0481 by sampleuser-116,sampleu116,2,2025-09-03T02:45:46+03:00,2025-09-03T15:45:46+03:00
samplepr-0482,Sample PR 0482 by sampleuser-117,sampleu117,2,2024-12-06T22:45:46+03:00,2024-12-16T02:45:46+03:00
samplepr-0483,Sample PR 0483 by sampleuser-117,sampleu117,1,2024-12-01T04:45:46+03:00,
samplepr-0484,Sample PR 0484 by sampleuser-117,sampleu117,1,2025-06-05T05:45:46+03:00,
samplepr-0485,Sample PR 0485 by sampleuser-117,sampleu117,1,2025-05-17T01:45:46+03:00,
samplepr-0486,Sample PR 0486 by sampleuser-118,sampleu118,1,2025-08-16T15:45:46+03:00,
samplepr-0487,Sample PR 0487 by sampleuser-118,sampleu118,2,2024-12-03T13:45:46+03:00,2024-12-10T01:45:46+03:00
samplepr-0488,Sample PR 0488 by sampleuser-118,sampleu118,1,2025-07-16T16:45:46+03:00,
samplepr-0489,Sample PR 0489 by sampleuser-118,sampleu118,2,2025-01-15T20:45:46+03:00,2025-02-09T14:45:46+03:00
samplepr-0490,Sample PR 0490 by sampleuser-118,sampleu118,2,2025-06-24T20:45:46+03:00,2025-07-24T13:45:46+03:00
samplepr-0491,Sample PR 0491 by sampleuser-119,sampleu119,1,2025-02-02T12:45:46+03:00,
samplepr-0492,Sample PR 0492 by sampleuser-119,sampleu119,2,2025-08-01T20:45:46+03:00,2025-08-28T10:45:46+03:00
samplepr-0493,Sample PR 0493 by sampleuser-119,sampleu119,2,2025-08-29T21:45:46+03:00,2025-09-21T04:45:46+03:00
samplepr-0494,Sample PR 0494 by sampleuser-119,sampleu119,2,2025-07-28T17:45:46+03:00,2025-08-05T13:45:46+03:00
samplepr-0495,Sample PR 0495 by sampleuser-120,sampleu120,2,2025-10-26T07:45:46+03:00,2025-11-19T20:45:46+03:00
samplepr-0496,Sample PR 0496 by sampleuser-120,sampleu120,2,2025-01-14T20:45:46+03:00,2025-02-13T05:45:46+03:00
samplepr-0497,Sample PR 0497 by sampleuser-120,sampleu120,1,2025-02-21T16:45:46+03:00,
samplepr-0498,Sample PR 0498 by sampleuser-121,sampleu121,2,2025-06-03T21:45:46+03:00,2025-06-23T17:45:46+03:00
samplepr-0499,Sample PR 0499 by sampleuser-121,sampleu121,2,2025-02-23T19:45:46+03:00,2025-03-24T02:45:46+03:00
samplepr-0500,Sample PR 0500 by sampleuser-121,sampleu121,2,2025-09-10T23:45:46+03:00,2025-09-16T00:45:46+03:00
samplepr-0501,Sample PR 0501 by sampleuser-121,sampleu121,1,2025-08-04T10:45:46+03:00,
samplepr-0502,Sample PR 0502 by sampleuser-122,sampleu122,1,2025-01-15T07:45:46+03:00,
samplepr-0503,Sample PR 0503 by sampleuser-122,sampleu122,2,2025-04-15T13:45:46+03:00,2025-05-04T04:45:46+03:00
samplepr-0504,Sample PR 0504 by sampleuser-122,sampleu122,2,2025-09-12T02:45:46+03:00,2025-10-09T07:45:46+03:00
samplepr-0505,Sample PR 0505 by sampleuser-122,sampleu122,2,2025-01-26T00:45:46+03:00,2025-02-02T20:45:46+03:00
samplepr-0506,Sample PR 0506 by sampleuser-122,sampleu122,1,2025-04-12T04:45:46+03:00,
samplepr-0507,Sample PR 0507 by sampleuser-123,sampleu123,1,2025-01-11T13:45:46+03:00,
samplepr-0508,Sample PR 0508 by sampleuser-123,sampleu123,2,2024-12-28T23:45:46+03:00,2025-01-17T14:45:46+03:00
samplepr-0509,Sample PR 0509 by sampleuser-123,sampleu123,2,2025-01-08T06:45:46+03:00,2025-01-09T19:45:46+03:00
samplepr-0510,Sample PR 0510 by sampleuser-123,sampleu123,1,2025-03-23T02:45:46+03:00,
samplepr-0511,Sample PR 0511 by sampleuser-123,sampleu123,1,2024-11-30T23:45:46+03:00,
samplepr-0512,Sample PR 0512 by sampleuser-124,sampleu124,2,2025-09-17T16:45:46+03:00,2025-09-30T19:45:46+03:00
samplepr-0513,Sample PR 0513 by sampleuser-124,sampleu124,2,2025-06-14T06:45:46+03:00,2025-07-01T17:45:46+03:00
samplepr-0514,Sample PR 0514 by sampleuser-124,sampleu124,2,2024-12-01T01:45:46+03:00,2024-12-23T19:45:46+03:00
samplepr-0515,Sample PR 0515 by sampleuser-124,sampleu124,1,2025-10-16T20:45:46+03:00,
samplepr-0516,Sample PR 0516 by sampleuser-125,sampleu125,1,2025-08-12T20:45:46+03:00,
samplepr-0517,Sample PR 0517 by sampleuser-125,sampleu125,1,2025-03-25T22:45:46+03:00,
samplepr-0518,Sample PR 0518 by sampleuser-125,sampleu125,1,2025-02-26T04:45:46+03:00,
samplepr-0519,Sample PR 0519 by sampleuser-125,sampleu125,1,2025-02-03T00:45:46+03:00,
samplepr-0520,Sample PR 0520 by sampleuser-125,sampleu125,1,2025-10-18T18:45:46+03:00,
samplepr-0521,Sample PR 0521 by sampleuser-126,sampleu126,1,2025-05-01T01:45:46+03:00,
samplepr-0522,Sample PR 0522 by sampleuser-126,sampleu126,1,2025-10-15T03:45:46+03:00,
samplepr-0523,Sample PR 0523 by sampleuser-126,sampleu126,2,2025-05-06T19:45:46+03:00,2025-05-14T06:45:46+03:00
samplepr-0524,Sample PR 0524 by sampleuser-126,sampleu126,2,2025-10-18T04:45:46+03:00,2025-10-30T14:45:46+03:00
samplepr-0525,Sample PR 0525 by sampleuser-127,sampleu127,1,2025-02-05T15:45:46+03:00,
samplepr-0526,Sample PR 0526 by sampleuser-127,sampleu127,1,2025-04-18T01:45:46+03:00,
samplepr-0527,Sample PR 0527 by sampleuser-127,sampleu127,1,2025-01-24T19:45:46+03:00,
samplepr-0528,Sample PR 0528 by sampleuser-127,sampleu127,1,2025-05-02T03:45:46+03:00,
samplepr-0529,Sample PR 0529 by sampleuser-127,sampleu127,2,2025-04-04T14:45:46+03:00,2025-04-27T20:45:46+03:00
samplepr-0530,Sample PR 0530 by sampleuser-128,sampleu128,1,2025-02-21T08:45:46+03:00,
samplepr-0531,Sample PR 0531 by sampleuser-128,sampleu128,1,2025-04-03T20:45:46+03:00,
samplepr-0532,Sample PR 0532 by sampleuser-128,sampleu128,2,2024-12-23T10:45:46+03:00,2025-01-12T00:45:46+03:00
samplepr-0533,Sample PR 0533 by sampleuser-128,sampleu128,1,2025-01-31T14:45:46+03:00,
samplepr-0534,Sample PR 0534 by sampleuser-129,sampleu129,2,2025-09-22T23:45:46+03:00,2025-09-25T16:45:46+03:00
samplepr-0535,Sample PR 0535 by sampleuser-129,sampleu129,1,2025-06-07T09:45:46+03:00,
samplepr-0536,Sample PR 0536 by sampleuser-129,sampleu129,1,2025-08-10T22:45:46+03:00,
samplepr-0537,Sample PR 0537 by sampleuser-129,sampleu129,1,2025-02-07T07:45:46+03:00,
samplepr-0538,Sample PR 0538 by sampleuser-129,sampleu129,1,2025-05-30T02:45:46+03:00,
samplepr-0539,Sample PR 0539 by sampleuser-130,sampleu130,2,2025-06-24T08:45:46+03:00,2025-07-05T10:45:46+03:00
samplepr-0540,Sample PR 0540 by sampleuser-130,sampleu130,2,2025-01-01T12:45:46+03:00,2025-01-04T21:45:46+03:00
samplepr-0541,Sample PR 0541 by sampleuser-130,sampleu130,2,2025-05-01T09:45:46+03:00,2025-05-26T22:45:46+03:00
samplepr-0542,Sample PR 0542 by sampleuser-131,sampleu131,2,2025-07-09T07:45:46+03:00,2025-08-03T21:45:46+03:00
samplepr-0543,Sample PR 0543 by sampleuser-131,sampleu131,1,2025-04-10T11:45:46+03:00,
samplepr-0544,Sample PR 0544 by sampleuser-131,sampleu131,1,2025-08-30T22:45:46+03:00,
samplepr-0545,Sample PR 0545 by sampleuser-131,sampleu131,2,2025-02-04T17:45:46+03:00,2025-02-09T03:45:46+03:00
samplepr-0546,Sample PR 0546 by sampleuser-132,sampleu132,2,2025-01-17T14:45:46+03:00,2025-02-03T04:45:46+03:00
samplepr-0547,Sample PR 0547 by sampleuser-132,sampleu132,1,2025-08-23T19:45:46+03:00,
samplepr-0548,Sample PR 0548 by sampleuser-132,sampleu132,2,2025-04-09T10:45:46+03:00,2025-05-05T09:45:46+03:00
samplepr-0549,Sample PR 0549 by sampleuser-132,sampleu132,2,2025-03-31T19:45:46+03:00,2025-04-16T09:45:46+03:00
samplepr-0550,Sample PR 0550 by sampleuser-133,sampleu133,2,2025-02-17T11:45:46+03:00,2025-02-20T10:45:46+03:00
samplepr-0551,Sample PR 0551 by sampleuser-133,sampleu133,1,2025-01-06T15:45:46+03:00,
samplepr-0552,Sample PR 0552 by sampleuser-133,sampleu133,1,2024-12-10T19:45:46+03:00,
samplepr-0553,Sample PR 0553 by sampleuser-133,sampleu133,2,2025-09-05T08:45:46+03:00,2025-09-30T15:45:46+03:00
samplepr-0554,Sample PR 0554 by sampleuser-133,sampleu133,1,2025-11-19T14:45:46+03:00,
samplepr-0555,Sample PR 0555 by sampleuser-134,sampleu134,1,2025-05-28T04:45:46+03:00,
samplepr-0556,Sample PR 0556 by sampleuser-134,sampleu134,1,2025-02-16T10:45:46+03:00,
samplepr-0557,Sample PR 0557 by sampleuser-134,sampleu134,2,2025-08-11T14:45:46+03:00,2025-08-13T04:45:46+03:00
samplepr-0558,Sample PR 0558 by sampleuser-135,sampleu135,2,2024-12-01T12:45:46+03:00,2024-12-22T01:45:46+03:00
samplepr-0559,Sample PR 0559 by sampleuser-135,sampleu135,1,2025-10-09T09:45:46+03:00,
samplepr-0560,Sample PR 0560 by sampleuser-135,sampleu135,2,2025-02-04T20:45:46+03:00,2025-02-10T23:45:46+03:00
samplepr-0561,Sample PR 0561 by sampleuser-136,sampleu136,2,2025-03-25T03:45:46+03:00,2025-04-24T00:45:46+03:00
samplepr-0562,Sample PR 0562 by sampleuser-136,sampleu136,2,2024-12-24T22:45:46+03:00,2025-01-09T04:45:46+03:00
samplepr-0563,Sample PR 0563 by sampleuser-136,sampleu136,1,2025-02-05T07:45:46+03:00,
samplepr-0564,Sample PR 0564 by sampleuser-136,sampleu136,1,2024-12-15T17:45:46+03:00,
samplepr-0565,Sample PR 0565 by sampleuser-136,sampleu136,1,2025-08-31T09:45:46+03:00,
samplepr-0566,Sample PR 0566 by sampleuser-137,sampleu137,2,2025-03-19T13:45:46+03:00,2025-04-13T19:45:46+03:00
samplepr-0567,Sample PR 0567 by sampleuser-137,sampleu137,2,2025-07-15T03:45:46+03:00,2025-08-01T00:45:46+03:00
samplepr-0568,Sample PR 0568 by sampleuser-137,sampleu137,1,2025-05-19T16:45:46+03:00,
samplepr-0569,Sample PR 0569 by sampleuser-138,sampleu138,2,2025-08-30T06:45:46+03:00,2025-09-02T16:45:46+03:00
samplepr-0570,Sample PR 0570 by sampleuser-138,sampleu138,2,2025-08-19T15:45:46+03:00,2025-09-15T06:45:46+03:00
samplepr-0571,Sample PR 0571 by sampleuser-138,sampleu138,2,2025-11-21T00:45:46+03:00,2025-12-07T11:45:46+03:00
samplepr-0572,Sample PR 0572 by sampleuser-138,sampleu138,1,2025-11-22T03:45:46+03:00,
samplepr-0573,Sample PR 0573 by sampleuser-138,sampleu138,1,2025-07-15T20:45:46+03:00,
samplepr-0574,Sample PR 0574 by sampleuser-139,sampleu139,1,2025-10-24T09:45:46+03:00,
samplepr-0575,Sample PR 0575 by sampleuser-139,sampleu139,1,2025-05-04T22:45:46+03:00,
samplepr-0576,Sample PR 0576 by sampleuser-139,sampleu139,2,2025-05-15T06:45:46+03:00,2025-05-27T12:45:46+03:00
samplepr-0577,Sample PR 0577 by sampleuser-140,sampleu140,2,2025-11-14T04:45:46+03:00,2025-11-24T08:45:46+03:00
samplepr-0578,Sample PR 0578 by sampleuser-140,sampleu140,2,2025-02-14T09:45:46+03:00,2025-02-18T21:45:46+03:00
samplepr-0579,Sample PR 0579 by sampleuser-140,sampleu140,2,2024-12-14T07:45:46+03:00,2024-12-20T22:45:46+03:00
samplepr-0580,Sample PR 0580 by sampleuser-141,sampleu141,1,2025-10-03T01:45:46+03:00,
samplepr-0581,Sample PR 0581 by sampleuser-141,sampleu141,2,2025-05-08T14:45:46+03:00,2025-06-06T00:45:46+03:00
samplepr-0582,Sample PR 0582 by sampleuser-141,sampleu141,2,2025-04-06T10:45:46+03:00,2025-04-28T11:45:46+03:00
samplepr-0583,Sample PR 0583 by sampleuser-141,sampleu141,2,2025-09-13T01:45:46+03:00,2025-09-13T09:45:46+03:00
samplepr-0584,Sample PR 0584 by sampleuser-141,sampleu141,2,2025-11-21T06:45:46+03:00,2025-12-19T13:45:46+03:00
samplepr-0585,Sample PR 0585 by sampleuser-142,sampleu142,2,2025-08-21T14:45:46+03:00,2025-09-06T15:45:46+03:00
samplepr-0586,Sample PR 0586 by sampleuser-142,sampleu142,1,2025-05-07T12:45:46+03:00,
samplepr-0587,Sample PR 0587 by sampleuser-142,sampleu142,1,2025-07-04T16:45:46+03:00,
samplepr-0588,Sample PR 0588 by sampleuser-142,sampleu142,2,2025-01-28T05:45:46+03:00,2025-02-01T11:45:46+03:00
samplepr-0589,Sample PR 0589 by sampleuser-143,sampleu143,1,2025-01-04T11:45:46+03:00,
samplepr-0590,Sample PR 0590 by sampleuser-143,sampleu143,2,2025-07-05T06:45:46+03:00,2025-07-23T03:45:46+03:00
samplepr-0591,Sample PR 0591 by sampleuser-143,sampleu143,1,2024-12-12T18:45:46+03:00,
samplepr-0592,Sample PR 0592 by sampleuser-144,sampleu144,2,2025-10-14T18:45:46+03:00,2025-10-23T16:45:46+03:00
samplepr-0593,Sample PR 0593 by sampleuser-144,sampleu144,1,2025-03-08T18:45:46+03:00,
samplepr-0594,Sample PR 0594 by sampleuser-144,sampleu144,2,2025-03-31T07:45:46+03:00,2025-04-11T01:45:46+03:00
samplepr-0595,Sample PR 0595 by sampleuser-144,sampleu144,2,2025-09-26T08:45:46+03:00,2025-10-19T04:45:46+03:00
samplepr-0596,Sample PR 0596 by sampleuser-144,sampleu144,1,2025-04-17T21:45:46+03:00,
samplepr-0597,Sample PR 0597 by sampleuser-145,sampleu145,2,2025-04-14T15:45:46+03:00,2025-04-18T04:45:46+03:00
samplepr-0598,Sample PR 0598 by sampleuser-145,sampleu145,2,2025-10-07T03:45:46+03:00,2025-10-16T21:45:46+03:00
samplepr-0599,Sample PR 0599 by sampleuser-145,sampleu145,1,2025-11-20T16:45:46+03:00,
samplepr-0600,Sample PR 0600 by sampleuser-145,sampleu145,2,2025-09-07T19:45:46+03:00,2025-10-02T02:45:46+03:00
samplepr-0601,Sample PR 0601 by sampleuser-146,sampleu146,1,2025-03-06T10:45:46+03:00,
samplepr-0602,Sample PR 0602 by sampleuser-146,sampleu146,2,2025-05-14T12:45:46+03:00,2025-06-07T10:45:46+03:00
samplepr-0603,Sample PR 0603 by sampleuser-146,sampleu146,1,2025-01-16T06:45:46+03:00,
samplepr-0604,Sample PR 0604 by sampleuser-146,sampleu146,1,2025-02-08T00:45:46+03:00,
samplepr-0605,Sample PR 0605 by sampleuser-146,sampleu146,2,2025-01-30T13:45:46+03:00,2025-02-15T05:45:46+03:00
samplepr-0606,Sample PR 0606 by sampleuser-147,sampleu147,2,2025-10-27T01:45:46+03:00,2025-11-15T08:45:46+03:00
samplepr-0607,Sample PR 0607 by sampleuser-147,sampleu147,2,2024-12-07T06:45:46+03:00,2024-12-20T19:45:46+03:00
samplepr-0608,Sample PR 0608 by sampleuser-147,sampleu147,1,2025-04-29T05:45:46+03:00,
samplepr-0609,Sample PR 0609 by sampleuser-148,sampleu148,2,2025-03-02T22:45:46+03:00,2025-03-03T00:45:46+03:00
samplepr-0610,Sample PR 0610 by sampleuser-148,sampleu148,2,2025-11-07T17:45:46+03:00,2025-11-24T03:45:46+03:00
samplepr-0611,Sample PR 0611 by sampleuser-148,sampleu148,2,2025-05-27T08:45:46+03:00,2025-06-23T22:45:46+03:00
samplepr-0612,Sample PR 0612 by sampleuser-148,sampleu148,1,2025-02-18T01:45:46+03:00,
samplepr-0613,Sample PR 0613 by sampleuser-148,sampleu148,1,2025-07-09T09:45:46+03:00,
samplepr-0614,Sample PR 0614 by sampleuser-149,sampleu149,1,2025-08-28T03:45:46+03:00,
samplepr-0615,Sample PR 0615 by sampleuser-149,sampleu149,1,2025-07-08T17:45:46+03:00,
samplepr-0616,Sample PR 0616 by sampleuser-149,sampleu149,2,2025-11-22T05:45:46+03:00,2025-12-14T15:45:46+03:00
samplepr-0617,Sample PR 0617 by sampleuser-149,sampleu149,1,2025-02-22T15:45:46+03:00,
samplepr-0618,Sample PR 0618 by sampleuser-150,sampleu150,2,2025-11-05T20:45:46+03:00,2025-11-16T04:45:46+03:00
samplepr-0619,Sample PR 0619 by sampleuser-150,sampleu150,2,2025-02-21T07:45:46+03:00,2025-02-26T14:45:46+03:00
samplepr-0620,Sample PR 0620 by sampleuser-150,sampleu150,1,2025-10-26T17:45:46+03:00,
samplepr-0621,Sample PR 0621 by sampleuser-150,sampleu150,2,2025-01-12T16:45:46+03:00,2025-02-09T08:45:46+03:00
samplepr-0622,Sample PR 0622 by sampleuser-150,sampleu150,2,2024-12-26T22:45:46+03:00,2025-01-19T06:45:46+03:00
samplepr-0623,Sample PR 0623 by sampleuser-151,sampleu151,1,2025-10-03T14:45:46+03:00,
samplepr-0624,Sample PR 0624 by sampleuser-151,sampleu151,1,2025-03-14T04:45:46+03:00,
samplepr-0625,Sample PR 0625 by sampleuser-151,sampleu151,1,2025-09-25T22:45:46+03:00,
samplepr-0626,Sample PR 0626 by sampleuser-152,sampleu152,1,2025-04-20T11:45:46+03:00,
samplepr-0627,Sample PR 0627 by sampleuser-152,sampleu152,2,2025-07-02T10:45:46+03:00,2025-07-06T14:45:46+03:00
samplepr-0628,Sample PR 0628 by sampleuser-152,sampleu152,1,2025-10-06T10:45:46+03:00,
samplepr-0629,Sample PR 0629 by sampleuser-153,sampleu153,2,2025-11-03T10:45:46+03:00,2025-11-17T01:45:46+03:00
samplepr-0630,Sample PR 0630 by sampleuser-153,sampleu153,1,2025-04-18T06:45:46+03:00,
samplepr-0631,Sample PR 0631 by sampleuser-153,sampleu153,2,2024-12-16T09:45:46+03:00,2025-01-05T22:45:46+03:00
samplepr-0632,Sample PR 0632 by sampleuser-154,sampleu154,1,2025-06-22T14:45:46+03:00,
samplepr-0633,Sample PR 0633 by sampleuser-154,sampleu154,2,2024-12-27T08:45:46+03:00,2025-01-16T02:45:46+03:00
samplepr-0634,Sample PR 0634 by sampleuser-154,sampleu154,2,2025-05-26T12:45:46+03:00,2025-06-14T15:45:46+03:00
samplepr-0635,Sample PR 0635 by sampleuser-155,sampleu155,2,2025-02-16T06:45:46+03:00,2025-02-22T04:45:46+03:00
samplepr-0636,Sample PR 0636 by sampleuser-155,sampleu155,2,2025-09-08T14:45:46+03:00,2025-10-04T06:45:46+03:00
samplepr-0637,Sample PR 0637 by sampleuser-155,sampleu155,1,2025-05-09T22:45:46+03:00,
samplepr-0638,Sample PR 0638 by sampleuser-155,sampleu155,1,2025-05-12T04:45:46+03:00,
samplepr-0639,Sample PR 0639 by sampleuser-155,sampleu155,1,2025-08-30T23:45:46+03:00,
samplepr-0640,Sample PR 0640 by sampleuser-156,sampleu156,1,2025-05-09T13:45:46+03:00,
samplepr-0641,Sample PR 0641 by sampleuser-156,sampleu156,1,2024-12-30T12:45:46+03:00,
samplepr-0642,Sample PR 0642 by sampleuser-156,sampleu156,1,2025-07-21T22:45:46+03:00,
samplepr-0643,Sample PR 0643 by sampleuser-156,sampleu156,1,2025-07-28T06:45:46+03:00,
samplepr-0644,Sample PR 0644 by sampleuser-157,sampleu157,2,2025-10-06T17:45:46+03:00,2025-10-29T06:45:46+03:00
samplepr-0645,Sample PR 0645 by sampleuser-157,sampleu157,1,2025-08-26T16:45:46+03:00,
samplepr-0646,Sample PR 0646 by sampleuser-157,sampleu157,2,2025-09-21T09:45:46+03:00,2025-10-14T07:45:46+03:00
samplepr-0647,Sample PR 0647 by sampleuser-157,sampleu157,2,2025-04-15T23:45:46+03:00,2025-05-10T11:45:46+03:00
samplepr-0648,Sample PR 0648 by sampleuser-157,sampleu157,1,2024-12-03T23:45:46+03:00,
samplepr-0649,Sample PR 0649 by sampleuser-158,sampleu158,1,2025-02-15T17:45:46+03:00,
samplepr-0650,Sample PR 0650 by sampleuser-158,sampleu158,1,2024-12-07T16:45:46+03:00,
samplepr-0651,Sample PR 0651 by sampleuser-158,sampleu158,2,2025-08-03T06:45:46+03:00,2025-08-09T00:45:46+03:00
samplepr-0652,Sample PR 0652 by sampleuser-159,sampleu159,1,2025-09-18T21:45:46+03:00,
samplepr-0653,Sample PR 0653 by sampleuser-159,sampleu159,2,2025-05-03T15:45:46+03:00,2025-05-28T05:45:46+03:00
samplepr-0654,Sample PR 0654 by sampleuser-159,sampleu159,1,2024-11-30T09:45:46+03:00,
samplepr-0655,Sample PR 0655 by sampleuser-160,sampleu160,1,2024-12-31T08:45:46+03:00,
samplepr-0656,Sample PR 0656 by sampleuser-160,sampleu160,2,2025-08-12T20:45:46+03:00,2025-09-04T22:45:46+03:00
samplepr-0657,Sample PR 0657 by sampleuser-160,sampleu160,2,2025-09-08T09:45:46+03:00,2025-09-17T09:45:46+03:00
samplepr-0658,Sample PR 0658 by sampleuser-160,sampleu160,1,2025-07-29T20:45:46+03:00,
samplepr-0659,Sample PR 0659 by sampleuser-160,sampleu160,2,2025-08-04T01:45:46+03:00,2025-08-22T05:45:46+03:00
samplepr-0660,Sample PR 0660 by sampleuser-161,sampleu161,1,2025-03-30T04:45:46+03:00,
samplepr-0661,Sample PR 0661 by sampleuser-161,sampleu161,1,2024-12-08T00:45:46+03:00,
samplepr-0662,Sample PR 0662 by sampleuser-161,sampleu161,2,2025-07-21T10:45:46+03:00,2025-08-12T20:45:46+03:00
samplepr-0663,Sample PR 0663 by sampleuser-161,sampleu161,2,2024-12-03T15:45:46+03:00,2024-12-13T06:45:46+03:00
samplepr-0664,Sample PR 0664 by sampleuser-161,sampleu161,1,2025-01-03T16:45:46+03:00,
samplepr-0665,Sample PR 0665 by sampleuser-162,sampleu162,1,2025-07-24T06:45:46+03:00,
samplepr-0666,Sample PR 0666 by sampleuser-162,sampleu162,2,2025-11-12T10:45:46+03:00,2025-11-22T04:45:46+03:00
samplepr-0667,Sample PR 0667 by sampleuser-162,sampleu162,2,2025-04-12T05:45:46+03:00,2025-05-10T14:45:46+03:00
samplepr-0668,Sample PR 0668 by sampleuser-162,sampleu162,1,2025-10-07T08:45:46+03:00,
samplepr-0669,Sample PR 0669 by sampleuser-163,sampleu163,1,2025-10-20T23:45:46+03:00,
samplepr-0670,Sample PR 0670 by sampleuser-163,sampleu163,1,2025-03-14T06:45:46+03:00,
samplepr-0671,Sample PR 0671 by sampleuser-163,sampleu163,1,2025-04-26T18:45:46+03:00,
samplepr-0672,Sample PR 0672 by sampleuser-163,sampleu163,2,2025-03-01T21:45:46+03:00,2025-03-11T17:45:46+03:00
samplepr-0673,Sample PR 0673 by sampleuser-164,sampleu164,2,2025-09-25T16:45:46+03:00,2025-10-12T17:45:46+03:00
samplepr-0674,Sample PR 0674 by sampleuser-164,sampleu164,1,2025-09-22T05:45:46+03:00,
samplepr-0675,Sample PR 0675 by sampleuser-164,sampleu164,2,2025-01-11T00:45:46+03:00,2025-01-20T22:45:46+03:00
samplepr-0676,Sample PR 0676 by sampleuser-164,sampleu164,2,2025-05-13T08:45:46+03:00,2025-05-29T01:45:46+03:00
samplepr-0677,Sample PR 0677 by sampleuser-165,sampleu165,1,2025-03-16T10:45:46+03:00,
samplepr-0678,Sample PR 0678 by sampleuser-165,sampleu165,2,2025-08-26T21:45:46+03:00,2025-09-06T09:45:46+03:00
samplepr-0679,Sample PR 0679 by sampleuser-165,sampleu165,2,2025-09-05T05:45:46+03:00,2025-09-12T10:45:46+03:00
samplepr-0680,Sample PR 0680 by sampleuser-165,sampleu165,1,2025-03-04T07:45:46+03:00,
samplepr-0681,Sample PR 0681 by sampleuser-165,sampleu165,1,2025-02-18T20:45:46+03:00,
samplepr-0682,Sample PR 0682 by sampleuser-166,sampleu166,2,2025-01-17T00:45:46+03:00,2025-01-30T01:45:46+03:00
samplepr-0683,Sample PR 0683 by sampleuser-166,sampleu166,1,2025-01-29T04:45:46+03:00,
samplepr-0684,Sample PR 0684 by sampleuser-166,sampleu166,2,2025-10-14T20:45:46+03:00,2025-11-02T08:45:46+03:00
samplepr-0685,Sample PR 0685 by sampleuser-166,sampleu166,2,2025-08-04T05:45:46+03:00,2025-08-08T08:45:46+03:00
samplepr-0686,Sample PR 0686 by sampleuser-166,sampleu166,2,2025-06-25T17:45:46+03:00,2025-07-06T21:45:46+03:00
samplepr-0687,Sample PR 0687 by sampleuser-167,sampleu167,2,2025-06-26T23:45:46+03:00,2025-07-15T05:45:46+03:00
samplepr-0688,Sample PR 0688 by sampleuser-167,sampleu167,1,2025-09-06T23:45:46+03:00,
samplepr-0689,Sample PR 0689 by sampleuser-167,sampleu167,2,2025-07-11T06:45:46+03:00,2025-07-12T04:45:46+03:00
samplepr-0690,Sample PR 0690 by sampleuser-167,sampleu167,2,2025-06-15T18:45:46+03:00,2025-07-07T07:45:46+03:00
samplepr-0691,Sample PR 0691 by sampleuser-168,sampleu168,1,2025-10-18T13:45:46+03:00,
samplepr-0692,Sample PR 0692 by sampleuser-168,sampleu168,2,2025-07-27T13:45:46+03:00,2025-08-14T23:45:46+03:00
samplepr-0693,Sample PR 0693 by sampleuser-168,sampleu168,2,2025-03-25T20:45:46+03:00,2025-04-14T12:45:46+03:00
samplepr-0694,Sample PR 0694 by sampleuser-168,sampleu168,2,2025-07-13T20:45:46+03:00,2025-07-17T14:45:46+03:00
samplepr-0695,Sample PR 0695 by sampleuser-168,sampleu168,2,2025-09-18T05:45:46+03:00,2025-09-18T05:45:46+03:00
samplepr-0696,Sample PR 0696 by sampleuser-169,sampleu169,1,2025-08-09T14:45:46+03:00,
samplepr-0697,Sample PR 0697 by sampleuser-169,sampleu169,2,2025-01-13T18:45:46+03:00,2025-01-23T14:45:46+03:00
samplepr-0698,Sample PR 0698 by sampleuser-169,sampleu169,1,2025-01-28T19:45:46+03:00,
samplepr-0699,Sample PR 0699 by sampleuser-169,sampleu169,2,2025-01-30T14:45:46+03:00,2025-02-23T21:45:46+03:00
samplepr-0700,Sample PR 0700 by sampleuser-169,sampleu169,1,2025-10-27T02:45:46+03:00,
samplepr-0701,Sample PR 0701 by sampleuser-170,sampleu170,1,2024-11-22T23:45:46+03:00,
samplepr-0702,Sample PR 0702 by sampleuser-170,sampleu170,1,2025-03-07T05:45:46+03:00,
samplepr-0703,Sample PR 0703 by sampleuser-170,sampleu170,2,2025-01-06T08:45:46+03:00,2025-01-24T13:45:46+03:00
samplepr-0704,Sample PR 0704 by sampleuser-171,sampleu171,1,2025-02-13T21:45:46+03:00,
samplepr-0705,Sample PR 0705 by sampleuser-171,sampleu171,1,2025-04-16T06:45:46+03:00,
samplepr-0706,Sample PR 0706 by sampleuser-171,sampleu171,1,2025-11-04T11:45:46+03:00,
samplepr-0707,Sample PR 0707 by sampleuser-171,sampleu171,2,2025-07-04T21:45:46+03:00,2025-07-20T07:45:46+03:00
samplepr-0708,Sample PR 0708 by sampleuser-172,sampleu172,1,2025-07-21T04:45:46+03:00,
samplepr-0709,Sample PR 0709 by sampleuser-172,sampleu172,1,2025-02-10T22:45:46+03:00,
samplepr-0710,Sample PR 0710 by sampleuser-172,sampleu172,1,2025-06-18T12:45:46+03:00,
samplepr-0711,Sample PR 0711 by sampleuser-172,sampleu172,2,2024-12-30T12:45:46+03:00,2025-01-14T09:45:46+03:00
samplepr-0712,Sample PR 0712 by sampleuser-172,sampleu172,1,2024-11-30T20:45:46+03:00,
samplepr-0713,Sample PR 0713 by sampleuser-173,sampleu173,1,2025-06-07T16:45:46+03:00,
samplepr-0714,Sample PR 0714 by sampleuser-173,sampleu173,2,2025-02-14T13:45:46+03:00,2025-03-08T11:45:46+03:00
samplepr-0715,Sample PR 0715 by sampleuser-173,sampleu173,1,2025-09-19T08:45:46+03:00,
samplepr-0716,Sample PR 0716 by sampleuser-173,sampleu173,2,2025-08-11T15:45:46+03:00,2025-08-28T15:45:46+03:00
samplepr-0717,Sample PR 0717 by sampleuser-174,sampleu174,1,2025-03-12T16:45:46+03:00,
samplepr-0718,Sample PR 0718 by sampleuser-174,sampleu174,1,2025-01-15T19:45:46+03:00,
samplepr-0719,Sample PR 0719 by sampleuser-174,sampleu174,2,2025-03-12T06:45:46+03:00,2025-04-09T05:45:46+03:00
samplepr-0720,Sample PR 0720 by sampleuser-175,sampleu175,1,2025-05-21T05:45:46+03:00,
samplepr-0721,Sample PR 0721 by sampleuser-175,sampleu175,2,2025-01-26T07:45:46+03:00,2025-02-11T21:45:46+03:00
samplepr-0722,Sample PR 0722 by sampleuser-175,sampleu175,1,2025-04-27T07:45:46+03:00,
samplepr-0723,Sample PR 0723 by sampleuser-176,sampleu176,2,2025-07-09T05:45:46+03:00,2025-07-25T13:45:46+03:00
samplepr-0724,Sample PR 0724 by sampleuser-176,sampleu176,2,2024-12-05T04:45:46+03:00,2024-12-09T20:45:46+03:00
samplepr-0725,Sample PR 0725 by sampleuser-176,sampleu176,1,2025-06-16T15:45:46+03:00,
samplepr-0726,Sample PR 0726 by sampleuser-176,sampleu176,2,2025-01-17T20:45:46+03:00,2025-02-11T01:45:46+03:00
samplepr-0727,Sample PR 0727 by sampleuser-177,sampleu177,2,2025-01-01T15:45:46+03:00,2025-01-18T05:45:46+03:00
samplepr-0728,Sample PR 0728 by sampleuser-177,sampleu177,2,2025-01-19T21:45:46+03:00,2025-01-26T07:45:46+03:00
samplepr-0729,Sample PR 0729 by sampleuser-177,sampleu177,2,2025-10-08T17:45:46+03:00,2025-10-23T12:45:46+03:00
samplepr-0730,Sample PR 0730 by sampleuser-178,sampleu178,1,2025-03-16T01:45:46+03:00,
samplepr-0731,Sample PR 0731 by sampleuser-178,sampleu178,2,2025-01-29T22:45:46+03:00,2025-02-22T09:45:46+03:00
samplepr-0732,Sample PR 0732 by sampleuser-178,sampleu178,2,2025-06-04T14:45:46+03:00,2025-07-03T14:45:46+03:00
samplepr-0733,Sample PR 0733 by sampleuser-179,sampleu179,1,2025-04-27T09:45:46+03:00,
samplepr-0734,Sample PR 0734 by sampleuser-179,sampleu179,1,2025-04-17T13:45:46+03:00,
samplepr-0735,Sample PR 0735 by sampleuser-179,sampleu179,1,2025-07-03T15:45:46+03:00,
samplepr-0736,Sample PR 0736 by sampleuser-179,sampleu179,1,2024-12-26T00:45:46+03:00,
samplepr-0737,Sample PR 0737 by sampleuser-180,sampleu180,1,2025-07-20T09:45:46+03:00,
samplepr-0738,Sample PR 0738 by sampleuser-180,sampleu180,2,2025-08-02T21:45:46+03:00,2025-08-25T18:45:46+03:00
samplepr-0739,Sample PR 0739 by sampleuser-180,sampleu180,2,2024-12-21T03:45:46+03:00,2025-01-12T18:45:46+03:00
samplepr-0740,Sample PR 0740 by sampleuser-180,sampleu180,2,2025-02-21T21:45:46+03:00,2025-03-21T20:45:46+03:00
samplepr-0741,Sample PR 0741 by sampleuser-181,sampleu181,1,2025-09-26T11:45:46+03:00,
samplepr-0742,Sample PR 0742 by sampleuser-181,sampleu181,1,2025-06-06T17:45:46+03:00,
samplepr-0743,Sample PR 0743 by sampleuser-181,sampleu181,1,2025-07-25T17:45:46+03:00,
samplepr-0744,Sample PR 0744 by sampleuser-181,sampleu181,2,2025-10-09T12:45:46+03:00,2025-10-20T12:45:46+03:00
samplepr-0745,Sample PR 0745 by sampleuser-181,sampleu181,1,2025-06-30T08:45:46+03:00,
samplepr-0746,Sample PR 0746 by sampleuser-182,sampleu182,1,2025-01-04T02:45:46+03:00,
samplepr-0747,Sample PR 0747 by sampleuser-182,sampleu182,1,2025-05-08T06:45:46+03:00,
samplepr-0748,Sample PR 0748 by sampleuser-182,sampleu182,2,2025-01-19T14:45:46+03:00,2025-01-31T21:45:46+03:00
samplepr-0749,Sample PR 0749 by sampleuser-182,sampleu182,1,2025-11-08T20:45:46+03:00,
samplepr-0750,Sample PR 0750 by sampleuser-183,sampleu183,1,2025-05-01T09:45:46+03:00,
samplepr-0751,Sample PR 0751 by sampleuser-183,sampleu183,2,2025-03-01T10:45:46+03:00,2025-03-13T00:45:46+03:00
samplepr-0752,Sample PR 0752 by sampleuser-183,sampleu183,1,2025-06-04T14:45:46+03:00,
samplepr-0753,Sample PR 0753 by sampleuser-183,sampleu183,1,2025-08-23T09:45:46+03:00,
samplepr-0754,Sample PR 0754 by sampleuser-184,sampleu184,1,2025-09-16T16:45:46+03:00,
samplepr-0755,Sample PR 0755 by sampleuser-184,sampleu184,1,2025-04-16T20:45:46+03:00,
samplepr-0756,Sample PR 0756 by sampleuser-184,sampleu184,2,2025-09-02T20:45:46+03:00,2025-09-06T01:45:46+03:00
samplepr-0757,Sample PR 0757 by sampleuser-185,sampleu185,2,2025-09-28T23:45:46+03:00,2025-10-05T09:45:46+03:00
samplepr-0758,Sample PR 0758 by sampleuser-185,sampleu185,1,2025-06-01T07:45:46+03:00,
samplepr-0759,Sample PR 0759 by sampleuser-185,sampleu185,1,2025-10-15T11:45:46+03:00,
samplepr-0760,Sample PR 0760 by sampleuser-186,sampleu186,2,2025-04-11T21:45:46+03:00,2025-04-23T16:45:46+03:00
samplepr-0761,Sample PR 0761 by sampleuser-186,sampleu186,2,2024-11-25T03:45:46+03:00,2024-12-17T04:45:46+03:00
samplepr-0762,Sample PR 0762 by sampleuser-186,sampleu186,2,2025-08-23T20:45:46+03:00,2025-09-03T14:45:46+03:00
samplepr-0763,Sample PR 0763 by sampleuser-186,sampleu186,1,2025-10-26T02:45:46+03:00,
samplepr-0764,Sample PR 0764 by sampleuser-186,sampleu186,1,2025-03-02T17:45:46+03:00,
samplepr-0765,Sample PR 0765 by sampleuser-187,sampleu187,1,2025-09-21T05:45:46+03:00,
samplepr-0766,Sample PR 0766 by sampleuser-187,sampleu187,2,2025-01-13T07:45:46+03:00,2025-02-08T12:45:46+03:00
samplepr-0767,Sample PR 0767 by sampleuser-187,sampleu187,2,2025-07-21T11:45:46+03:00,2025-08-08T05:45:46+03:00
samplepr-0768,Sample PR 0768 by sampleuser-187,sampleu187,1,2025-05-20T08:45:46+03:00,
samplepr-0769,Sample PR 0769 by sampleuser-188,sampleu188,2,2025-04-06T09:45:46+03:00,2025-04-24T17:45:46+03:00
samplepr-0770,Sample PR 0770 by sampleuser-188,sampleu188,1,2024-12-24T22:45:46+03:00,
samplepr-0771,Sample PR 0771 by sampleuser-188,sampleu188,2,2025-02-16T06:45:46+03:00,2025-02-23T07:45:46+03:00
samplepr-0772,Sample PR 0772 by sampleuser-188,sampleu188,1,2025-11-14T20:45:46+03:00,
samplepr-0773,Sample PR 0773 by sampleuser-189,sampleu189,1,2025-04-22T13:45:46+03:00,
samplepr-0774,Sample PR 0774 by sampleuser-189,sampleu189,2,2025-11-21T05:45:46+03:00,2025-12-09T19:45:46+03:00
samplepr-0775,Sample PR 0775 by sampleuser-189,sampleu189,1,2025-10-12T06:45:46+03:00,
samplepr-0776,Sample PR 0776 by sampleuser-189,sampleu189,2,2025-07-17T20:45:46+03:00,2025-08-05T08:45:46+03:00
samplepr-0777,Sample PR 0777 by sampleuser-189,sampleu189,2,2025-10-23T01:45:46+03:00,2025-11-07T01:45:46+03:00
samplepr-0778,Sample PR 0778 by sampleuser-190,sampleu190,2,2025-06-02T02:45:46+03:00,2025-06-29T04:45:46+03:00
samplepr-0779,Sample PR 0779 by sampleuser-190,sampleu190,1,2025-04-17T14:45:46+03:00,
samplepr-0780,Sample PR 0780 by sampleuser-190,sampleu190,1,2025-02-25T15:45:46+03:00,
samplepr-0781,Sample PR 0781 by sampleuser-191,sampleu191,2,2025-04-28T02:45:46+03:00,2025-05-10T15:45:46+03:00
samplepr-0782,Sample PR 0782 by sampleuser-191,sampleu191,2,2024-12-13T20:45:46+03:00,2025-01-09T08:45:46+03:00
samplepr-0783,Sample PR 0783 by sampleuser-191,sampleu191,2,2025-04-01T13:45:46+03:00,2025-04-12T01:45:46+03:00
samplepr-0784,Sample PR 0784 by sampleuser-191,sampleu191,2,2024-12-09T06:45:46+03:00,2024-12-27T00:45:46+03:00
samplepr-0785,Sample PR 0785 by sampleuser-192,sampleu192,1,2025-07-12T11:45:46+03:00,
samplepr-0786,Sample PR 0786 by sampleuser-192,sampleu192,2,2025-06-28T12:45:46+03:00,2025-07-05T14:45:46+03:00
samplepr-0787,Sample PR 0787 by sampleuser-192,sampleu192,2,2025-07-26T18:45:46+03:00,2025-07-30T03:45:46+03:00
samplepr-0788,Sample PR 0788 by sampleuser-192,sampleu192,2,2025-05-07T09:45:46+03:00,2025-05-27T06:45:46+03:00
samplepr-0789,Sample PR 0789 by sampleuser-193,sampleu193,2,2025-10-16T19:45:46+03:00,2025-10-27T07:45:46+03:00
samplepr-0790,Sample PR 0790 by sampleuser-193,sampleu193,2,2025-10-06T15:45:46+03:00,2025-10-12T08:45:46+03:00
samplepr-0791,Sample PR 0791 by sampleuser-193,sampleu193,2,2024-12-01T08:45:46+03:00,2024-12-07T15:45:46+03:00
samplepr-0792,Sample PR 0792 by sampleuser-193,sampleu193,1,2025-02-08T12:45:46+03:00,
samplepr-0793,Sample PR 0793 by sampleuser-194,sampleu194,1,2025-03-20T01:45:46+03:00,
samplepr-0794,Sample PR 0794 by sampleuser-194,sampleu194,2,2025-07-04T23:45:46+03:00,2025-07-26T18:45:46+03:00
samplepr-0795,Sample PR 0795 by sampleuser-194,sampleu194,2,2025-10-19T15:45:46+03:00,2025-10-21T20:45:46+03:00
samplepr-0796,Sample PR 0796 by sampleuser-195,sampleu195,1,2025-08-17T15:45:46+03:00,
samplepr-0797,Sample PR 0797 by sampleuser-195,sampleu195,2,2024-12-30T11:45:46+03:00,2025-01-03T13:45:46+03:00
samplepr-0798,Sample PR 0798 by sampleuser-195,sampleu195,1,2025-08-06T17:45:46+03:00,
samplepr-0799,Sample PR 0799 by sampleuser-195,sampleu195,1,2025-11-04T14:45:46+03:00,
samplepr-0800,Sample PR 0800 by sampleuser-195,sampleu195,1,2025-05-19T22:45:46+03:00,
samplepr-0801,Sample PR 0801 by sampleuser-196,sampleu196,2,2025-05-05T18:45:46+03:00,2025-05-31T17:45:46+03:00
samplepr-0802,Sample PR 0802 by sampleuser-196,sampleu196,1,2025-09-02T22:45:46+03:00,
samplepr-0803,Sample PR 0803 by sampleuser-196,sampleu196,2,2025-03-20T09:45:46+03:00,2025-03-31T17:45:46+03:00
samplepr-0804,Sample PR 0804 by sampleuser-196,sampleu196,2,2025-01-14T00:45:46+03:00,2025-01-29T02:45:46+03:00
samplepr-0805,Sample PR 0805 by sampleuser-197,sampleu197,1,2024-12-31T20:45:46+03:00,
samplepr-0806,Sample PR 0806 by sampleuser-197,sampleu197,1,2025-07-13T11:45:46+03:00,
samplepr-0807,Sample PR 0807 by sampleuser-197,sampleu197,2,2025-04-26T07:45:46+03:00,2025-05-04T18:45:46+03:00
samplepr-0808,Sample PR 0808 by sampleuser-197,sampleu197,2,2025-01-29T22:45:46+03:00,2025-02-16T09:45:46+03:00
samplepr-0809,Sample PR 0809 by sampleuser-197,sampleu197,2,2025-01-01T23:45:46+03:00,2025-01-16T03:45:46+03:00
samplepr-0810,Sample PR 0810 by sampleuser-198,sampleu198,1,2025-09-05T22:45:46+03:00,
samplepr-0811,Sample PR 0811 by sampleuser-198,sampleu198,2,2025-01-19T10:45:46+03:00,2025-01-24T14:45:46+03:00
samplepr-0812,Sample PR 0812 by sampleuser-198,sampleu198,2,2025-07-28T14:45:46+03:00,2025-08-01T05:45:46+03:00
samplepr-0813,Sample PR 0813 by sampleuser-198,sampleu198,2,2025-07-28T05:45:46+03:00,2025-08-10T16:45:46+03:00
samplepr-0814,Sample PR 0814 by sampleuser-198,sampleu198,2,2025-06-17T18:45:46+03:00,2025-07-14T08:45:46+03:00
samplepr-0815,Sample PR 0815 by sampleuser-199,sampleu199,2,2025-06-13T01:45:46+03:00,2025-06-30T14:45:46+03:00
samplepr-0816,Sample PR 0816 by sampleuser-199,sampleu199,2,2025-04-08T21:45:46+03:00,2025-04-29T12:45:46+03:00
samplepr-0817,Sample PR 0817 by sampleuser-199,sampleu199,2,2025-07-16T03:45:46+03:00,2025-07-18T07:45:46+03:00
samplepr-0818,Sample PR 0818 by sampleuser-199,sampleu199,2,2025-03-22T09:45:46+03:00,2025-04-19T17:45:46+03:00
samplepr-0819,Sample PR 0819 by sampleuser-200,sampleu200,2,2025-06-03T13:45:46+03:00,2025-06-15T07:45:46+03:00
samplepr-0820,Sample PR 0820 by sampleuser-200,sampleu200,2,2025-04-29T00:45:46+03:00,2025-05-26T20:45:46+03:00
samplepr-0821,Sample PR 0821 by sampleuser-200,sampleu200,2,2024-12-24T15:45:46+03:00,2025-01-19T20:45:46+03:00
